time_s,stage,Ip_MA,loop_voltage_V,flux_consumed_Wb,flux_remaining_Wb,flux_margin_fraction,q95,internal_inductance,vertical_stability_margin,major_radius_m,minor_radius_m,elongation,triangularity,vertical_position_m,lower_x_point_R_m,lower_x_point_Z_m,strike_point_lower_outer_R_m,strike_point_lower_outer_Z_m,strike_point_lower_inner_R_m,strike_point_lower_inner_Z_m,I_CS1_kA,I_CS2_kA,I_CS3_kA,I_PF1_kA,I_PF2_kA,I_PF3_kA,I_PF4_kA,I_Div1_kA,I_Div2_kA,I_VS_bias_kA,note
3.0,flattop,8.7,1.2,45.5,74.5,0.6208333333333333,3.2,0.78,0.26,1.85,0.57,1.75,0.35,0.0,1.55,-1.0425,1.72,-1.18,1.22,-1.1,8.0,6.5,5.0,10.5,12.0,8.5,-7.0,1.2,-1.2,0.0,flattop_start_from_rampup
3.02,flattop,8.700251300954433,1.1999808511999999,45.523999808512,74.476000191488,0.6206333349290667,3.200502601908867,0.7802513009544334,0.259992460971367,1.85007539028633,0.5700753902863299,1.75,0.35,7.539028633001251e-05,1.550188475715825,-1.0425023685803754,1.722506664671286,-1.18,1.2174933353287138,-1.1,7.999424004595712,6.499232006127616,4.999424004595712,10.502513009544334,12.0,8.497421023955127,-7.000033925628848,1.231333308391076,-1.231333308391076,0.0,flattop_hold_and_trim
3.04,flattop,8.700502443181797,1.1999236095999999,45.54799885312,74.45200114688001,0.6204333428906668,3.2010048863635956,0.7805024431817977,0.2599849267045461,1.8501507329545395,0.5701507329545392,1.75,0.35,0.0001507329545393088,1.5503768323863483,-1.042509472825455,1.724973797743297,-1.18,1.2150262022567029,-1.1,7.99884802752512,6.49846403670016,4.99884802752512,10.505024431817978,12.0,8.4948436768468,-7.0000678298295425,1.2621724717912137,-1.2621724717912137,0.0,flattop_hold_and_trim
3.06,flattop,8.700753268055278,1.1998285824,45.57199637504,74.42800362496,0.6202333635413333,3.201506536110559,0.7807532680552793,0.2599774019583416,1.850225980416584,0.5702259804165838,1.75,0.35,0.00022598041658379833,1.5505649510414596,-1.0425213082480453,1.7273624910536935,-1.18,1.2126375089463064,-1.1,7.99827208699904,6.49769611599872,4.99827208699904,10.507532680552794,12.0,8.492269586582696,-7.000101691187463,1.2920311381711695,-1.2920311381711695,0.0,flattop_hold_and_trim
3.08,flattop,8.701003617148512,1.1996960768,45.595991621632,74.40400837836799,0.6200334031530665,3.2020072342970245,0.7810036171485122,0.25996989148554467,1.8503010851445538,0.5703010851445536,1.75,0.35,0.00030108514455364497,1.550752712861384,-1.0425378673726402,1.7296350734820343,-1.18,1.2103649265179657,-1.1,7.997696201080832,6.496928268107776,4.997696201080832,10.51003617148512,12.0,8.489700379013394,-7.000135488315049,1.320438418525429,-1.320438418525429,0.0,flattop_hold_and_trim
3.1,flattop,8.701253332335643,1.1995263999999999,45.619983846400004,74.3800161536,0.6198334679466666,3.202506664671286,0.7812533323356431,0.2599624000299307,1.850375999700693,0.5703759997006929,1.75,0.35,0.0003759997006929131,1.5509399992517323,-1.0425591397401415,1.7317557050458494,-1.18,1.2082442949541505,-1.1,7.9971203876864,6.4961605169152,4.9971203876864,10.51253332335643,12.0,8.487137676905462,-7.0001691998653115,1.3469463130731183,-1.3469463130731183,0.0,flattop_hold_and_trim
3.12,flattop,8.701502255891207,1.1993198592,45.643972308992005,74.356027691008,0.6196335640917333,3.2030045117824155,0.7815022558912076,0.2599549323232638,1.8504506767673623,0.5704506767673623,1.75,0.35,0.00045067676736227155,1.5511266919184057,-1.0425851119144658,1.7336909421185738,-1.18,1.2063090578814262,-1.1,7.996544664584192,6.495392886112256,4.996544664584192,10.515022558912076,12.0,8.484583098916483,-7.000202804545313,1.3711367764821722,-1.3711367764821722,0.0,flattop_hold_and_trim
3.14,flattop,8.701750230589752,1.1990767616,45.667956275200005,74.3320437248,0.6194336977066667,3.2035004611795057,0.7817502305897528,0.2599474930823074,1.850525069176926,0.5705250691769258,1.75,0.35,0.0005250691769258287,1.5513126729423146,-1.042615767491031,1.7354102648555159,-1.18,1.204589735144484,-1.1,7.9959690493952,6.4946253991936,4.9959690493952,10.517502305897528,12.0,8.482038258572661,-7.000236281129617,1.3926283106939474,-1.3926283106939472,0.0,flattop_hold_and_trim
3.16,flattop,8.701997099805144,1.1987974144,45.69193501696,74.30806498304,0.6192338748586667,3.2039941996102885,0.7819970998051441,0.2599400870058457,1.8505991299415434,0.5705991299415432,1.75,0.35,0.0005991299415432216,1.551497824853858,-1.0426510871071182,1.7368865585100404,-1.18,1.2031134414899596,-1.1,7.99539355959296,6.49385807945728,4.99539355959296,10.519970998051441,12.0,8.47950476324971,-7.000269608473695,1.4110819813755038,-1.4110819813755038,0.0,flattop_hold_and_trim
3.18,flattop,8.702242707609493,1.1984821248,45.715907812352,74.284092187648,0.6190341015637333,3.2044854152189877,0.7822427076094939,0.2599327187717152,1.8506728122828482,0.570672812282848,1.75,0.35,0.0006728122828481441,1.5516820307071204,-1.0426910484541008,1.7380965410493203,-1.18,1.2019034589506796,-1.1,7.994818212503552,6.493090950004736,4.994818212503552,10.522427076094939,12.0,8.47698421315757,-7.000302765527282,1.426206763116505,-1.426206763116505,0.0,flattop_hold_and_trim
3.2,flattop,8.702486898871648,1.1981312,45.7398739456,74.26012605439999,0.6188343837866666,3.2049737977432975,0.7824868988716486,0.25992539303385054,1.8507460696614946,0.5707460696614945,1.75,0.35,0.0007460696614945651,1.5518651741537364,-1.0427356262915353,1.739021130325903,-1.18,1.2009788696740968,-1.1,7.9942430253056,6.4923240337408,4.9942430253056,10.524868988716486,12.0,8.474478200329706,-7.000335731347673,1.4377641290737884,-1.4377641290737884,0.0,flattop_hold_and_trim
3.22,flattop,8.702729519355172,1.1977449472,45.763832707072005,74.236167292928,0.6186347274410667,3.2054590387103468,0.7827295193551733,0.2599181144193448,1.8508188558065521,0.5708188558065519,1.75,0.35,0.0008188558065519763,1.55204713951638,-1.0427847924631044,1.7396457450145737,-1.18,1.2003542549854263,-1.1,7.993668015030272,6.491557353373696,4.993668015030272,10.527295193551733,12.0,8.471988307617533,-7.000368485112949,1.4455718126821722,-1.4455718126821722,0.0,flattop_hold_and_trim
3.24,flattop,8.70297041581577,1.1973236736,45.78778339328001,74.21221660671999,0.6184351383893333,3.205940831631541,0.7829704158157704,0.2599108875255269,1.8508911247447313,0.570891124744731,1.75,0.35,0.0008911247447311054,1.5522278118618278,-1.0428385159144002,1.7399605345685654,-1.18,1.2000394654314346,-1.1,7.99309319856128,6.49079093141504,4.99309319856128,10.529704158157703,12.0,8.469516107690657,-7.000401006135129,1.449506682107068,-1.449506682107068,0.0,flattop_hold_and_trim
3.26,flattop,8.70320943609807,1.1968676863999999,45.81172530688001,74.18827469312,0.6182356224426666,3.2064188721961444,0.7832094360980721,0.2599037169170578,1.8509628308294217,0.5709628308294216,1.75,0.35,0.0009628308294216278,1.552407077073554,-1.0428967627125394,1.7399605345685654,-1.18,1.2000394654314346,-1.1,7.99251859263488,6.49002479017984,4.99251859263488,10.532094360980722,12.0,8.467063162043534,-7.00043327387324,1.449506682107068,-1.449506682107068,0.0,flattop_hold_and_trim
3.28,flattop,8.703446429231745,1.1963772928,45.835657756672006,74.164342243328,0.6180361853610666,3.2068928584634904,0.7834464292317452,0.25989660712304763,1.8510339287695237,0.5710339287695235,1.75,0.35,0.0010339287695235505,1.552584821923809,-1.042959496067596,1.7396457450145737,-1.18,1.2003542549854263,-1.1,7.991944213839872,6.489258951786496,4.991944213839872,10.534464292317452,12.0,8.464631020009215,-7.000465267946286,1.4455718126821722,-1.4455718126821722,0.0,flattop_hold_and_trim
3.3,flattop,8.703681245526846,1.1958528,45.859580057600006,74.1404199424,0.6178368328533334,3.2073624910536935,0.7836812455268468,0.2598895626341946,1.8511043736580541,0.571104373658054,1.75,0.35,0.0011043736580540332,1.5527609341451352,-1.0430266763558382,1.739021130325903,-1.18,1.2009788696740968,-1.1,7.9913700786176,6.4884934381568,4.9913700786176,10.536812455268468,12.0,8.462221217780735,-7.000496968146124,1.4377641290737884,-1.4377641290737884,0.0,flattop_hold_and_trim
3.32,flattop,8.70391373666837,1.1952945151999999,45.883491530752,74.116508469248,0.6176375705770667,3.207827473336744,0.783913736668372,0.25988258789994884,1.8511741210005117,0.5711741210005116,1.75,0.35,0.0011741210005116066,1.552935302501279,-1.0430982611447561,1.7380965410493203,-1.18,1.2019034589506796,-1.1,7.990796203261952,6.487728271015936,4.990796203261952,10.53913736668372,12.0,8.459835277440833,-7.00052835445023,1.426206763116505,-1.426206763116505,0.0,flattop_hold_and_trim
3.34,flattop,8.704143755809932,1.1947027456,45.90739150336,74.09260849664,0.6174384041386667,3.208287511619866,0.7841437558099329,0.25987568732570204,1.8512431267429799,0.5712431267429798,1.75,0.35,0.0012431267429798517,1.5531078168574497,-1.0431742052198625,1.7368865585100404,-1.18,1.2031134414899596,-1.1,7.99022260391936,6.48696347189248,4.99022260391936,10.541437558099329,12.0,8.457474706000564,-7.00055940703434,1.4110819813755038,-1.411081981375504,0.0,flattop_hold_and_trim
3.36,flattop,8.70437115766651,1.1940777984,45.9312793088,74.0687206912,0.6172393390933333,3.208742315333019,0.7843711576665093,0.25986886527000475,1.851311347299953,0.5713113472999527,1.75,0.35,0.0013113472999527983,1.553278368249882,-1.0432544606132523,1.7354102648555159,-1.18,1.204589735144484,-1.1,7.9896492965888,6.4861990621184,4.9896492965888,10.543711576665093,12.0,8.455140994447449,-7.000590106284979,1.3926283106939474,-1.3926283106939474,0.0,flattop_hold_and_trim
3.38,flattop,8.704595798606213,1.1934199808,45.955154286592,74.044845713408,0.6170403809450666,3.20919159721243,0.7845957986062149,0.2598621260418136,1.8513787395818646,0.5713787395818644,1.75,0.35,0.0013787395818644632,1.5534468489546611,-1.0433389766338985,1.7336909421185738,-1.18,1.2063090578814262,-1.1,7.989076297121792,6.485435062829056,4.989076297121792,10.545957986062149,12.0,8.45283561680372,-7.000620432811839,1.3711367764821722,-1.3711367764821722,0.0,flattop_hold_and_trim
3.4,flattop,8.704817536741016,1.1927296,45.9790157824,74.0209842176,0.6168415351466667,3.2096350734820347,0.7848175367410172,0.2598554738977695,1.8514452610223053,0.5714452610223051,1.75,0.35,0.0014452610223051456,1.5536131525557628,-1.043427699899671,1.7317557050458494,-1.18,1.2082442949541505,-1.1,7.9885036212224,6.4846714949632,4.9885036212224,10.548175367410172,12.0,8.45056002919531,-7.000650367460038,1.3469463130731183,-1.3469463130731183,0.0,flattop_hold_and_trim
3.42,flattop,8.705036232016356,1.1920069631999999,46.002863148032,73.99713685196801,0.6166428070997334,3.210072464032715,0.7850362320163576,0.2598489130395093,1.8515108696049074,0.5715108696049073,1.75,0.35,0.0015108696049072824,1.5537771740122683,-1.0435205743710538,1.7296350734820343,-1.18,1.2103649265179657,-1.1,7.987931284447232,6.483908379262976,4.987931284447232,10.550362320163575,12.0,8.44831566893213,-7.000679891322208,1.3204384185254288,-1.320438418525429,0.0,flattop_hold_and_trim
3.44,flattop,8.705251746299613,1.1912523776,46.02669574144,73.97330425856,0.6164442021546667,3.210503492599226,0.785251746299613,0.2598424476110116,1.851575523889884,0.5715755238898839,1.75,0.35,0.0015755238898838867,1.5539388097247098,-1.0436175413865398,1.7273624910536935,-1.18,1.2126375089463064,-1.1,7.98735930220544,6.48314573627392,4.98735930220544,10.55251746299613,12.0,8.446103953600222,-7.000708985750448,1.2920311381711695,-1.2920311381711695,0.0,flattop_hold_and_trim
3.46,flattop,8.705463943467342,1.1904661504,46.05051292672,73.94948707328,0.6162457256106666,3.2109278869346856,0.7854639434673427,0.2598360816959797,1.8516391830402028,0.5716391830402028,1.75,0.35,0.001639183040202807,1.554097957600507,-1.043718539699684,1.724973797743297,-1.18,1.2150262022567029,-1.1,7.98678768975872,6.48238358634496,4.98678768975872,10.554639434673426,12.0,8.443926280166396,-7.000737632368091,1.2621724717912137,-1.2621724717912137,0.0,flattop_hold_and_trim
3.48,flattop,8.705672689491267,1.1896485888,46.074314074112,73.92568592588799,0.6160473827157332,3.2113453789825352,0.7856726894912676,0.259829819315262,1.8517018068473803,0.5717018068473803,1.75,0.35,0.0017018068473802696,1.5542545171184508,-1.043823505517787,1.722506664671286,-1.18,1.2174933353287138,-1.1,7.986216462221312,6.481621949628416,4.986216462221312,10.556726894912675,12.0,8.441784024095867,-7.000765813081321,1.231333308391076,-1.231333308391076,0.0,flattop_hold_and_trim
3.5,flattop,8.705877852522924,1.1887999999999999,46.098098560000004,73.90190143999999,0.6158491786666666,3.21175570504585,0.7858778525229247,0.25982366442431226,1.8517633557568776,0.5717633557568774,1.75,0.35,0.0017633557568774196,1.5544083893921936,-1.0439323725421878,1.72,-1.18,1.22,-1.1,7.98564563456,6.48086084608,4.98564563456,10.558778525229247,12.0,8.439678538483486,-7.0007935100905945,1.2,-1.2,0.0,flattop_hold_and_trim
3.52,flattop,8.706079302976946,1.1879206912,46.121865766912,73.87813423308799,0.6156511186090666,3.2121586059538925,0.7860793029769461,0.2598176209106916,1.851823790893084,0.5718237908930838,1.75,0.35,0.0018237908930838161,1.5545594772327096,-1.0440450720101413,1.7174933353287138,-1.18,1.222506664671286,-1.1,7.985075221594112,6.480100295458816,4.985075221594112,10.56079302976946,12.0,8.437611153199091,-7.000820705901888,1.168666691608924,-1.168666691608924,0.0,flattop_hold_and_trim
3.54,flattop,8.706276913612907,1.1870109696,46.14561508352,73.85438491648,0.6154532076373334,3.2125538272258143,0.7862769136129071,0.2598116925916128,1.851883074083872,0.5718830740838721,1.75,0.35,0.0018830740838721017,1.5547076852096804,-1.0441615327382474,1.7150262022567029,-1.18,1.224973797743297,-1.1,7.98450523799552,6.47934031732736,4.98450523799552,10.56276913612907,12.0,8.435583174047542,-7.000847383337742,1.1378275282087862,-1.1378275282087862,0.0,flattop_hold_and_trim
3.56,flattop,8.706470559615694,1.1860711424,46.16934590464,73.83065409536,0.6152554507946667,3.212941119231389,0.7864705596156945,0.2598058832115292,1.8519411678847084,0.5719411678847083,1.75,0.35,0.001941167884708333,1.5548529197117709,-1.0442816811674143,1.7126375089463064,-1.18,1.2273624910536935,-1.1,7.98393569828864,6.47858093105152,4.98393569828864,10.564705596156944,12.0,8.433595881943935,-7.000873525548119,1.1079688618288304,-1.1079688618288304,0.0,flattop_hold_and_trim
3.58,flattop,8.706660118674343,1.1851015167999999,46.193057631231994,73.806942368768,0.6150578530730667,3.213320237348685,0.7866601186743425,0.25980019643976976,1.851998035602303,0.5719980356023027,1.75,0.35,0.001998035602302755,1.554995089005757,-1.0444054414093187,1.7103649265179657,-1.18,1.2296350734820343,-1.1,7.983366616850432,6.477822155800576,4.983366616850432,10.566601186743425,12.0,8.43165053210456,-7.000899116021036,1.0795615814745712,-1.0795615814745712,0.0,flattop_hold_and_trim
3.6,flattop,8.706845471059285,1.1841024,46.21674967039999,73.78325032960001,0.6148604194133334,3.213690942118574,0.7868454710592869,0.2597946358682214,1.8520536413177862,0.572053641317786,1.75,0.35,0.0020536413177860663,1.5551341032944652,-1.0445327352943394,1.7082442949541505,-1.18,1.2317557050458494,-1.1,7.9827980079104,6.4770640105472,4.9827980079104,10.568454710592869,12.0,8.429748353254068,-7.000924138593004,1.0530536869268816,-1.0530536869268818,0.0,flattop_hold_and_trim
3.62,flattop,8.707026499697987,1.1830740992,46.240421435391994,73.759578564608,0.6146631547050667,3.214052999395977,0.7870264996979885,0.25978920500906033,1.8521079499093966,0.5721079499093965,1.75,0.35,0.002107949909396548,1.5552698747734914,-1.0446634824209304,1.7063090578814262,-1.18,1.2336909421185738,-1.1,7.982229885550592,6.476306514067456,4.982229885550592,10.570264996979885,12.0,8.427890546849392,-7.000948577459228,1.0288632235178277,-1.0288632235178277,0.0,flattop_hold_and_trim
3.64,flattop,8.707203090248878,1.1820169216,46.26407234559999,73.7359276544,0.6144660637866667,3.2144061804977584,0.7872030902488791,0.25978390729253364,1.8521609270746637,0.5721609270746637,1.75,0.35,0.002160927074663721,1.5554023176866594,-1.044797600206404,1.704589735144484,-1.18,1.2354102648555159,-1.1,7.9816622637056,6.4755496849408,4.9816622637056,10.572030902488791,12.0,8.426078286320879,-7.000972417183599,1.0073716893060527,-1.0073716893060527,0.0,flattop_hold_and_trim
3.66,flattop,8.707375131173581,1.1809311744,46.28770182655999,73.71229817344002,0.6142691514453335,3.2147502623471635,0.7873751311735817,0.25977874606479257,1.8522125393520745,0.5722125393520745,1.75,0.35,0.002212539352074522,1.5555313483801863,-1.0449350039390923,1.7031134414899596,-1.18,1.2368865585100404,-1.1,7.98109515616256,6.47479354155008,4.98109515616256,10.573751311735817,12.0,8.424312716331118,-7.000995642708434,0.9889180186244961,-0.9889180186244961,0.0,flattop_hold_and_trim
3.68,flattop,8.707542513807361,1.1798171648,46.31130930995199,73.68869069004802,0.6140724224170668,3.2150850276147223,0.7875425138073611,0.2597737245857792,1.8522627541422083,0.5722627541422083,1.75,0.35,0.0022627541422083116,1.5556568853555208,-1.045075606831853,1.7019034589506796,-1.18,1.2380965410493203,-1.1,7.980528576561152,6.474038102081536,4.980528576561152,10.57542513807361,12.0,8.422594952051957,-7.001018239363994,0.973793236883495,-0.9737932368834951,0.0,flattop_hold_and_trim
3.7,flattop,8.707705132427757,1.1786752,46.33489423359999,73.66510576640002,0.6138758813866668,3.215410264855516,0.787705132427758,0.25976884602716727,1.8523115397283274,0.5723115397283273,1.75,0.35,0.0023115397283273676,1.5557788493208184,-1.045219320076885,1.7009788696740968,-1.18,1.239021130325903,-1.1,7.9799625383936,6.4732833845248,4.9799625383936,10.577051324277578,12.0,8.420926078460136,-7.001040192877747,0.9622358709262115,-0.9622358709262115,0.0,flattop_hold_and_trim
3.72,flattop,8.707862884321365,1.1775055872,46.35845604147199,73.64154395852802,0.6136795329877335,3.2157257686427325,0.7878628843213662,0.25976411347035905,1.85235886529641,0.5723588652964098,1.75,0.35,0.002358865296409857,1.5558971632410248,-1.0453660529018225,1.7003542549854263,-1.18,1.2396457450145737,-1.1,7.979397055004672,6.472529406672896,4.979397055004672,10.578628843213663,12.0,8.41930714965198,-7.0010614893833845,0.9544281873178277,-0.9544281873178277,0.0,flattop_hold_and_trim
3.74,flattop,8.708015669848708,1.1763086336,46.381994183679986,73.61800581632002,0.6134833818026668,3.216031339697418,0.7880156698487087,0.25975952990453877,1.8524047009546127,0.5724047009546126,1.75,0.35,0.00240470095461263,1.5560117523865316,-1.0455157126270687,1.7000394654314346,-1.18,1.2399605345685654,-1.1,7.97883213959168,6.47177618612224,4.97883213959168,10.580156698487087,12.0,8.417739188177627,-7.0010821154295755,0.950493317892932,-0.950493317892932,0.0,flattop_hold_and_trim
3.76,flattop,8.70816339250717,1.1750846464,46.405508116479986,73.59449188352002,0.6132874323626668,3.2163267850143438,0.7881633925071718,0.2597550982247849,1.8524490177521515,0.5724490177521515,1.75,0.35,0.0024490177521515515,1.556122544380379,-1.045668204724333,1.7000394654314346,-1.18,1.2399605345685654,-1.1,7.97826780520448,6.47102374027264,4.97826780520448,10.581633925071719,12.0,8.416223184395148,-7.001102057988468,0.950493317892932,-0.950493317892932,0.0,flattop_hold_and_trim
3.78,flattop,8.708305958991957,1.1738339328,46.42899730227199,73.571002697728,0.6130916891477334,3.2166119179839163,0.7883059589919581,0.2597508212302413,1.8524917876975875,0.5724917876975874,1.75,0.35,0.0024917876975874375,1.5562294692439687,-1.0458234328763387,1.7003542549854263,-1.18,1.2396457450145737,-1.1,7.977704064745472,6.470272086327296,4.977704064745472,10.583059589919582,12.0,8.414760095845029,-7.001121304463914,0.9544281873178277,-0.9544281873178277,0.0,flattop_hold_and_trim
3.8,flattop,8.70844327925502,1.1725568,46.45246120959999,73.54753879040001,0.6128961565866667,3.2168865585100406,0.7884432792550202,0.2597467016223494,1.852532983776506,0.572532983776506,1.75,0.35,0.0025329837765060447,1.556332459441265,-1.0459812990376576,1.7009788696740968,-1.18,1.239021130325903,-1.1,7.9771409309696,6.4695212412928,4.9771409309696,10.584432792550201,12.0,8.413350846645356,-7.001139842699428,0.9622358709262115,-0.9622358709262115,0.0,flattop_hold_and_trim
3.82,flattop,8.708575266561937,1.1712535552,46.47589931315199,73.52410068684802,0.6127008390570668,3.2171505331238732,0.7885752665619365,0.2597427420031419,1.852572579968581,0.5725725799685809,1.75,0.35,0.0025725799685809565,1.5564314499214524,-1.0461417034966387,1.7019034589506796,-1.18,1.2380965410493203,-1.1,7.976578416484352,6.468771221979136,4.976578416484352,10.585752665619365,12.0,8.411996326908126,-7.001157660985862,0.973793236883495,-0.973793236883495,0.0,flattop_hold_and_trim
3.84,flattop,8.708701837546695,1.1699245056,46.49931109375999,73.50068890624001,0.6125057408853335,3.2174036750933905,0.7887018375466953,0.25973894487359916,1.8526105512640088,0.5726105512640085,1.75,0.35,0.0026105512640085767,1.5565263781600216,-1.0463045449383879,1.7031134414899596,-1.18,1.2368865585100404,-1.1,7.97601653374976,6.46802204499968,4.97601653374976,10.587018375466952,12.0,8.41069739217704,-7.001174748068804,0.9889180186244961,-0.9889180186244959,0.0,flattop_hold_and_trim
3.86,flattop,8.708822912264349,1.1685699584,46.52269603839999,73.4773039616,0.6123108663466666,3.217645824528699,0.7888229122643495,0.2597353126320695,1.852646873679305,0.5726468736793048,1.75,0.35,0.0026468736793048594,1.5566171841982621,-1.04646972050876,1.704589735144484,-1.18,1.2354102648555159,-1.1,7.9754552950784,6.4672737267712,4.9754552950784,10.588229122643495,12.0,8.409454862887113,-7.001191093155687,1.0073716893060525,-1.0073716893060525,0.0,flattop_hold_and_trim
3.88,flattop,8.708938414241512,1.1671902208,46.54605364019199,73.45394635980801,0.6121162196650668,3.2178768284830253,0.7889384142415127,0.25973184757275464,1.852681524272454,0.5726815242724538,1.75,0.35,0.002681524272453791,1.5567038106811346,-1.0466371258793248,1.7063090578814262,-1.18,1.2336909421185738,-1.1,7.974894712635392,6.466526283513856,4.974894712635392,10.589384142415126,12.0,8.408269523846478,-7.001206685922604,1.0288632235178277,-1.0288632235178274,0.0,flattop_hold_and_trim
3.9,flattop,8.70904827052466,1.1657856,46.56938339839999,73.43061660160001,0.6119218050133334,3.2180965410493205,0.7890482705246602,0.2597285518842602,1.8527144811573981,0.572714481157398,1.75,0.35,0.0027144811573980585,1.5567862028934951,-1.046806655313262,1.7082442949541505,-1.18,1.2317557050458494,-1.1,7.9743347984384,6.4657797312512,4.9743347984384,10.590482705246602,12.0,8.407142123740675,-7.001221516520829,1.0530536869268814,-1.0530536869268816,0.0,flattop_hold_and_trim
3.92,flattop,8.709152411726208,1.1643564032,46.59268481843199,73.40731518156801,0.6117276265130668,3.2183048234524185,0.7891524117262092,0.2597254276482137,1.8527457235178628,0.5727457235178627,1.75,0.35,0.0027457235178627525,1.556864308794657,-1.0469782017321476,1.7103649265179657,-1.18,1.2296350734820343,-1.1,7.973775564357632,6.465034085810176,4.973775564357632,10.591524117262091,12.0,8.406073374659778,-7.001235575583038,1.079561581474571,-1.079561581474571,0.0,flattop_hold_and_trim
3.94,flattop,8.709250772068344,1.1629029376,46.61595741183999,73.38404258816001,0.6115336882346668,3.2185015441366893,0.7892507720683446,0.2597224768379497,1.8527752316205035,0.5727752316205034,1.75,0.35,0.002775231620503374,1.5569380790512586,-1.0471516567835866,1.7126375089463064,-1.18,1.2273624910536935,-1.1,7.97321702211584,6.46428936282112,4.97321702211584,10.592507720683447,12.0,8.405063951648613,-7.001248854229226,1.1079688618288304,-1.1079688618288301,0.0,flattop_hold_and_trim
3.96,flattop,8.709343289424565,1.1614255104,46.639200696319996,73.36079930368001,0.6113399941973334,3.2186865788491326,0.7893432894245661,0.259719701317263,1.8528029868273699,0.5728029868273697,1.75,0.35,0.002802986827369836,1.5570074670684246,-1.0473269109096506,1.7150262022567029,-1.18,1.224973797743297,-1.1,7.97265918328832,6.46354557771776,4.97265918328832,10.59343289424566,12.0,8.40411449228039,-7.001261344072317,1.1378275282087862,-1.1378275282087862,0.0,flattop_hold_and_trim
3.98,flattop,8.709429905358927,1.1599244288,46.662414195711996,73.33758580428801,0.6111465483690668,3.2188598107178574,0.7894299053589287,0.25971710283923216,1.8528289716076787,0.5728289716076785,1.75,0.35,0.002828971607678593,1.5570724290191966,-1.0475038534160777,1.7174933353287138,-1.18,1.222506664671286,-1.1,7.972102059302912,6.462802745737216,4.972102059302912,10.594299053589287,12.0,8.403225596253995,-7.001273037223456,1.168666691608924,-1.168666691608924,0.0,flattop_hold_and_trim
4.0,flattop,8.709510565162951,1.1583999999999999,46.685597439999995,73.31440256,0.6109533546666667,3.219021130325903,0.7895105651629516,0.25971468304511147,1.8528531695488855,0.5728531695488854,1.75,0.35,0.0028531695488854605,1.5571329238722138,-1.047682372542188,1.72,-1.18,1.22,-1.1,7.97154566144,6.46206088192,4.97154566144,10.595105651629515,12.0,8.40239782501521,-7.001283926296998,1.2,-1.2,0.0,flattop_hold_and_trim
4.02,flattop,8.709585217890172,1.1568525312,46.708749965311995,73.291250034688,0.6107604169557334,3.219170435780348,0.7895852178901738,0.2597124434632948,1.8528755653670521,0.5728755653670521,1.75,0.35,0.002875565367052127,1.5571889134176304,-1.0478623555314752,1.722506664671286,-1.18,1.2174933353287138,-1.1,7.970990000832512,6.461320001110016,4.970990000832512,10.595852178901737,12.0,8.401631701402092,-7.001294004415174,1.2313333083910754,-1.2313333083910754,0.0,flattop_hold_and_trim
4.04,flattop,8.709653816388332,1.1552823295999999,46.731871313919996,73.26812868608,0.6105677390506667,3.219307632776666,0.7896538163883328,0.25971038550835,1.8528961449165,0.5728961449164998,1.75,0.35,0.0028961449164998216,1.5572403622912496,-1.0480436887028257,1.724973797743297,-1.18,1.2150262022567029,-1.1,7.97043508846592,6.46058011795456,4.97043508846592,10.596538163883327,12.0,8.400927709314736,-7.001303265212425,1.2621724717912137,-1.2621724717912137,0.0,flattop_hold_and_trim
4.06,flattop,8.709716317329146,1.1536897024,46.75496103424,73.24503896576,0.6103753247146667,3.2194326346582938,0.7897163173291467,0.2597085104801256,1.8529148951987442,0.572914895198744,1.75,0.35,0.0029148951987440215,1.55728723799686,-1.048226257522322,1.7273624910536935,-1.18,1.2126375089463064,-1.1,7.96988093517824,6.45984124690432,4.96988093517824,10.597163173291467,12.0,8.400286293409632,-7.001311702839435,1.2920311381711689,-1.2920311381711689,0.0,flattop_hold_and_trim
4.08,flattop,8.70977268123568,1.1520749568,46.778018680832,73.22198131916801,0.6101831776597334,3.219545362471364,0.789772681235682,0.25970681956292957,1.8529318043707046,0.5729318043707046,1.75,0.35,0.0029318043707045804,1.5573295109267615,-1.0484099466755847,1.7296350734820343,-1.18,1.2103649265179657,-1.1,7.969327551660032,6.459103402213376,4.969327551660032,10.59772681235682,12.0,8.399707858818815,-7.001319311966817,1.3204384185254288,-1.3204384185254288,0.0,flattop_hold_and_trim
4.1,flattop,8.709822872507287,1.1504384,46.801043814399996,73.1989561856,0.6099913015466666,3.219645745014574,0.7898228725072869,0.2597053138247814,1.8529468617521863,0.572946861752186,1.75,0.35,0.002946861752186066,1.5573671543804652,-1.0485946401406072,1.7317557050458494,-1.18,1.2082442949541505,-1.1,7.9687749484544,6.4583665979392,4.9687749484544,10.598228725072868,12.0,8.399192770893968,-7.001326087788484,1.3469463130731176,-1.3469463130731174,0.0,flattop_hold_and_trim
4.12,flattop,8.709866859442078,1.1487803392,46.824036001791995,73.175963998208,0.6097996999850667,3.2197337188841577,0.7898668594420787,0.2597039942167376,1.8529600578326237,0.5729600578326236,1.75,0.35,0.002960057832623604,1.557400144581559,-1.0487802212610384,1.7336909421185738,-1.18,1.2063090578814262,-1.1,7.968223135956992,6.457630847942656,4.968223135956992,10.598668594420786,12.0,8.398741354975668,-7.001332026024681,1.3711367764821722,-1.3711367764821722,0.0,flattop_hold_and_trim
4.14,flattop,8.709904614256965,1.1471010816,46.84699481599999,73.15300518400001,0.6096083765333334,3.2198092285139333,0.7899046142569666,0.259702861572291,1.85297138427709,0.5729713842770899,1.75,0.35,0.0029713842770899535,1.557428460692725,-1.0489665728198652,1.7354102648555156,-1.18,1.2045897351444843,-1.1,7.967672124416,6.456896165888,4.967672124416,10.599046142569666,12.0,8.39835389618788,-7.00133712292469,1.3926283106939468,-1.392628310693947,0.0,flattop_hold_and_trim
4.16,flattop,8.709936113105199,1.1454009344,46.869919836159994,73.13008016384,0.6094173346986668,3.2198722262104003,0.7899361131052001,0.259701916606844,1.85298083393156,0.57298083393156,1.75,0.35,0.0029808339315600253,1.5574520848289002,-1.049153577113449,1.7368865585100404,-1.18,1.2031134414899596,-1.1,7.96712192393216,6.45616256524288,4.96712192393216,10.599361131052001,12.0,8.398030639257884,-7.001341375269202,1.4110819813755038,-1.4110819813755038,0.0,flattop_hold_and_trim
4.18,flattop,8.709961336091432,1.1436802048,46.892810647552,73.107189352448,0.6092265779370667,3.2199226721828635,0.7899613360914317,0.25970115991725706,1.8529884008274295,0.5729884008274295,1.75,0.35,0.0029884008274295173,1.5574710020685738,-1.0493411160258694,1.7380965410493203,-1.18,1.2019034589506796,-1.1,7.966572544458752,6.455430059278336,4.966572544458752,10.599613360914317,12.0,8.397771788361682,-7.001344780372343,1.4262067631165045,-1.4262067631165045,0.0,flattop_hold_and_trim
4.2,flattop,8.709980267284282,1.1419392,46.9156668416,73.0843331584,0.6090361096533333,3.219960534568566,0.7899802672842827,0.25970059198147155,1.8529940801852849,0.5729940801852847,1.75,0.35,0.002994080185284815,1.557485200463212,-1.04952907110353,1.739021130325903,-1.18,1.2009788696740968,-1.1,7.9660239958016,6.4546986610688,4.9660239958016,10.599802672842827,12.0,8.397577506995049,-7.001347336083378,1.4377641290737884,-1.4377641290737884,0.0,flattop_hold_and_trim
4.22,flattop,8.709992894726405,1.1401782272,46.938488015872,73.061511984128,0.6088459332010667,3.219985789452812,0.7899928947264059,0.25970021315820785,1.8529978684179218,0.5729978684179218,1.75,0.35,0.002997868417921768,1.5574946710448045,-1.0497173236299755,1.7396457450145737,-1.18,1.2003542549854263,-1.1,7.965476287619072,6.453968383492096,4.965476287619072,10.59992894726406,12.0,8.39744791787026,-7.001349040788065,1.445571812682172,-1.4455718126821722,0.0,flattop_hold_and_trim
4.24,flattop,8.709999210442037,1.1383975936,46.96127377408,73.03872622592,0.6086560518826667,3.2199984208840764,0.7899992104420381,0.2597000236867389,1.8529997631326116,0.5729997631326114,1.75,0.35,0.002999763132611448,1.5574994078315287,-1.049905754700875,1.7399605345685654,-1.18,1.2000394654314346,-1.1,7.96492942942208,6.45323923922944,4.96492942942208,10.599992104420382,12.0,8.397383102838583,-7.001349893409675,1.449506682107068,-1.449506682107068,0.0,flattop_hold_and_trim
4.26,flattop,8.709999210442037,1.1365976064,46.98402372608,73.01597627392,0.6084664689493333,3.2199984208840764,0.7899992104420381,0.2597000236867389,1.8529997631326116,0.5729997631326114,1.75,0.35,0.002999763132611448,1.5574994078315287,-1.050094245299125,1.7399605345685654,-1.18,1.2000394654314346,-1.1,7.96438343057408,6.45251124076544,4.96438343057408,10.599992104420382,12.0,8.397383102838583,-7.001349893409675,1.449506682107068,-1.449506682107068,0.0,flattop_hold_and_trim
4.28,flattop,8.709992894726405,1.1347785728,47.006737487871995,72.99326251212801,0.6082771876010667,3.219985789452812,0.7899928947264059,0.25970021315820785,1.8529978684179218,0.5729978684179218,1.75,0.35,0.002997868417921768,1.5574946710448045,-1.0502826763700246,1.7396457450145737,-1.18,1.2003542549854263,-1.1,7.963838300291072,6.451784400388096,4.963838300291072,10.59992894726406,12.0,8.39744791787026,-7.001349040788065,1.4455718126821722,-1.4455718126821722,0.0,flattop_hold_and_trim
4.3,flattop,8.709980267284282,1.1329408,47.029414681599995,72.9705853184,0.6080882109866667,3.219960534568566,0.7899802672842827,0.25970059198147155,1.8529940801852849,0.5729940801852847,1.75,0.35,0.002994080185284815,1.557485200463212,-1.05047092889647,1.739021130325903,-1.18,1.2009788696740968,-1.1,7.9632940476416,6.4510587301888,4.9632940476416,10.599802672842827,12.0,8.397577506995049,-7.001347336083378,1.4377641290737886,-1.4377641290737886,0.0,flattop_hold_and_trim
4.32,flattop,8.709961336091432,1.1310845952,47.05205493555199,72.947945064448,0.6078995422037334,3.2199226721828635,0.7899613360914317,0.25970115991725706,1.8529884008274295,0.5729884008274295,1.75,0.35,0.0029884008274295173,1.5574710020685738,-1.0506588839741307,1.7380965410493203,-1.18,1.2019034589506796,-1.1,7.962750681546752,6.450334242062336,4.962750681546752,10.599613360914317,12.0,8.397771788361682,-7.001344780372343,1.4262067631165047,-1.4262067631165047,0.0,flattop_hold_and_trim
4.34,flattop,8.709936113105199,1.1292102656,47.07465788415999,72.92534211584001,0.6077111842986668,3.2198722262104003,0.7899361131052001,0.259701916606844,1.85298083393156,0.57298083393156,1.75,0.35,0.0029808339315600257,1.5574520848289002,-1.050846422886551,1.7368865585100404,-1.18,1.2031134414899596,-1.1,7.96220821078016,6.44961094770688,4.96220821078016,10.599361131052001,12.0,8.398030639257884,-7.001341375269202,1.411081981375504,-1.411081981375504,0.0,flattop_hold_and_trim
4.36,flattop,8.709904614256965,1.1273181183999998,47.09722316799999,72.902776832,0.6075231402666667,3.2198092285139333,0.7899046142569666,0.259702861572291,1.85297138427709,0.5729713842770899,1.75,0.35,0.0029713842770899535,1.557428460692725,-1.051033427180135,1.7354102648555156,-1.18,1.2045897351444843,-1.1,7.961666643968,6.448888858624,4.961666643968,10.599046142569666,12.0,8.39835389618788,-7.00133712292469,1.3926283106939472,-1.3926283106939472,0.0,flattop_hold_and_trim
4.38,flattop,8.709866859442078,1.1254084608,47.11975043379199,72.88024956620801,0.6073354130517334,3.2197337188841577,0.7898668594420787,0.2597039942167376,1.8529600578326237,0.5729600578326236,1.75,0.35,0.0029600578326236045,1.557400144581559,-1.0512197787389617,1.7336909421185738,-1.18,1.2063090578814262,-1.1,7.961125989588992,6.448167986118656,4.961125989588992,10.598668594420786,12.0,8.398741354975668,-7.001332026024681,1.3711367764821725,-1.3711367764821725,0.0,flattop_hold_and_trim
4.4,flattop,8.709822872507287,1.1234815999999999,47.142239334399996,72.85776066560001,0.6071480055466668,3.219645745014574,0.7898228725072869,0.2597053138247814,1.8529468617521863,0.572946861752186,1.75,0.35,0.002946861752186066,1.5573671543804652,-1.0514053598593929,1.7317557050458494,-1.18,1.2082442949541505,-1.1,7.9605862559744,6.4474483412992,4.9605862559744,10.598228725072868,12.0,8.399192770893968,-7.001326087788484,1.3469463130731179,-1.346946313073118,0.0,flattop_hold_and_trim
4.42,flattop,8.70977268123568,1.1215378432,47.16468952883199,72.83531047116801,0.6069609205930668,3.219545362471364,0.789772681235682,0.25970681956292957,1.8529318043707046,0.5729318043707046,1.75,0.35,0.0029318043707045804,1.5573295109267615,-1.0515900533244154,1.7296350734820343,-1.18,1.2103649265179657,-1.1,7.960047451308032,6.446729935077376,4.960047451308032,10.59772681235682,12.0,8.399707858818815,-7.001319311966817,1.320438418525429,-1.320438418525429,0.0,flattop_hold_and_trim
4.44,flattop,8.709716317329146,1.1195774976,47.18710068223999,72.81289931776001,0.6067741609813334,3.2194326346582938,0.7897163173291467,0.2597085104801256,1.8529148951987442,0.572914895198744,1.75,0.35,0.0029148951987440215,1.55728723799686,-1.051773742477678,1.7273624910536935,-1.18,1.2126375089463064,-1.1,7.95950958362624,6.44601277816832,4.95950958362624,10.597163173291467,12.0,8.400286293409632,-7.001311702839435,1.292031138171169,-1.292031138171169,0.0,flattop_hold_and_trim
4.46,flattop,8.709653816388332,1.1176008704,47.209472465919994,72.79052753408001,0.6065877294506667,3.219307632776666,0.7896538163883328,0.25971038550835,1.8528961449165,0.5728961449164998,1.75,0.35,0.0028961449164998216,1.5572403622912496,-1.0519563112971744,1.724973797743297,-1.18,1.2150262022567029,-1.1,7.95897266081792,6.44529688109056,4.95897266081792,10.596538163883327,12.0,8.400927709314736,-7.001303265212425,1.2621724717912137,-1.262172471791214,0.0,flattop_hold_and_trim
4.48,flattop,8.709585217890172,1.1156082688,47.231804557311996,72.76819544268801,0.6064016286890668,3.219170435780348,0.7895852178901738,0.2597124434632948,1.8528755653670521,0.5728755653670521,1.75,0.35,0.002875565367052127,1.5571889134176304,-1.0521376444685249,1.722506664671286,-1.18,1.2174933353287138,-1.1,7.958436690624512,6.444582254166016,4.958436690624512,10.595852178901737,12.0,8.401631701402092,-7.001294004415174,1.2313333083910756,-1.2313333083910756,0.0,flattop_hold_and_trim
4.5,flattop,8.709510565162951,1.1136,47.25409663999999,72.74590336,0.6062158613333334,3.219021130325903,0.7895105651629516,0.25971468304511147,1.8528531695488855,0.5728531695488854,1.75,0.35,0.002853169548885461,1.5571329238722138,-1.052317627457812,1.72,-1.18,1.22,-1.1,7.95790168064,6.44386890752,4.95790168064,10.595105651629515,12.0,8.40239782501521,-7.001283926296998,1.2,-1.2000000000000002,0.0,flattop_hold_and_trim
4.52,flattop,8.709429905358927,1.1115763712,47.27634840371199,72.72365159628801,0.6060304299690668,3.2188598107178574,0.7894299053589287,0.25971710283923216,1.8528289716076787,0.5728289716076785,1.75,0.35,0.002828971607678594,1.5570724290191966,-1.0524961465839224,1.7174933353287138,-1.18,1.222506664671286,-1.1,7.957367638310912,6.443156851081216,4.957367638310912,10.594299053589287,12.0,8.403225596253995,-7.001273037223456,1.1686666916089246,-1.1686666916089246,0.0,flattop_hold_and_trim
4.54,flattop,8.709343289424565,1.1095376896,47.29855954431999,72.70144045568,0.6058453371306667,3.2186865788491326,0.7893432894245661,0.259719701317263,1.8528029868273699,0.5728029868273697,1.75,0.35,0.0028029868273698366,1.5570074670684246,-1.0526730890903495,1.7150262022567029,-1.18,1.224973797743297,-1.1,7.95683457093632,6.44244609458176,4.95683457093632,10.59343289424566,12.0,8.40411449228039,-7.001261344072317,1.1378275282087862,-1.1378275282087862,0.0,flattop_hold_and_trim
4.56,flattop,8.709250772068344,1.1074842624,47.32072976383999,72.67927023616001,0.6056605853013334,3.2185015441366893,0.7892507720683446,0.2597224768379497,1.8527752316205035,0.5727752316205034,1.75,0.35,0.0027752316205033748,1.5569380790512586,-1.0528483432164135,1.7126375089463064,-1.18,1.2273624910536935,-1.1,7.95630248566784,6.44173664755712,4.95630248566784,10.592507720683447,12.0,8.405063951648613,-7.001248854229226,1.107968861828831,-1.107968861828831,0.0,flattop_hold_and_trim
4.58,flattop,8.709152411726208,1.1054163968,47.342858770431995,72.657141229568,0.6054761769130667,3.2183048234524185,0.7891524117262092,0.2597254276482137,1.8527457235178628,0.5727457235178627,1.75,0.35,0.0027457235178627525,1.556864308794657,-1.0530217982678525,1.7103649265179657,-1.18,1.2296350734820343,-1.1,7.955771389509632,6.441028519346176,4.955771389509632,10.591524117262091,12.0,8.406073374659778,-7.001235575583038,1.0795615814745712,-1.0795615814745712,0.0,flattop_hold_and_trim
4.6,flattop,8.70904827052466,1.1033344,47.3649462784,72.6350537216,0.6052921143466666,3.2180965410493205,0.7890482705246602,0.2597285518842602,1.8527144811573981,0.572714481157398,1.75,0.35,0.002714481157398059,1.5567862028934951,-1.053193344686738,1.7082442949541505,-1.18,1.2317557050458494,-1.1,7.9552412893184,6.4403217190912,4.9552412893184,10.590482705246602,12.0,8.407142123740675,-7.001221516520829,1.053053686926882,-1.053053686926882,0.0,flattop_hold_and_trim
4.62,flattop,8.708938414241512,1.1012385792,47.386992008191996,72.613007991808,0.6051083999317334,3.2178768284830253,0.7889384142415127,0.25973184757275464,1.852681524272454,0.5726815242724538,1.75,0.35,0.002681524272453791,1.5567038106811346,-1.0533628741206753,1.7063090578814262,-1.18,1.2336909421185738,-1.1,7.954712191803392,6.439616255737856,4.954712191803392,10.589384142415126,12.0,8.408269523846478,-7.001206685922604,1.0288632235178277,-1.0288632235178277,0.0,flattop_hold_and_trim
4.64,flattop,8.708822912264349,1.0991292416,47.4089956864,72.5910043136,0.6049250359466666,3.217645824528699,0.7888229122643495,0.2597353126320695,1.852646873679305,0.5726468736793048,1.75,0.35,0.0026468736793048607,1.5566171841982621,-1.05353027949124,1.7045897351444843,-1.18,1.2354102648555156,-1.1,7.9541841035264,6.4389121380352,4.9541841035264,10.588229122643495,12.0,8.409454862887113,-7.001191093155687,1.007371689306053,-1.007371689306053,0.0,flattop_hold_and_trim
4.66,flattop,8.708701837546695,1.0970066943999999,47.430957045759996,72.56904295424,0.6047420246186667,3.2174036750933905,0.7887018375466953,0.25973894487359916,1.8526105512640088,0.5726105512640085,1.75,0.35,0.0026105512640085763,1.5565263781600216,-1.0536954550616122,1.7031134414899596,-1.18,1.2368865585100404,-1.1,7.95365703090176,6.43820937453568,4.95365703090176,10.587018375466952,12.0,8.41069739217704,-7.001174748068804,0.988918018624496,-0.9889180186244961,0.0,flattop_hold_and_trim
4.68,flattop,8.708575266561937,1.0948712448,47.452875825152,72.547124174848,0.6045593681237332,3.2171505331238732,0.7885752665619365,0.2597427420031419,1.852572579968581,0.5725725799685809,1.75,0.35,0.0025725799685809574,1.5564314499214524,-1.0538582965033614,1.7019034589506796,-1.18,1.2380965410493203,-1.1,7.953130980196352,6.437507973595136,4.953130980196352,10.585752665619365,12.0,8.411996326908126,-7.001157660985862,0.9737932368834952,-0.9737932368834953,0.0,flattop_hold_and_trim
4.7,flattop,8.70844327925502,1.0927232,47.4747517696,72.5252482304,0.6043770685866666,3.2168865585100406,0.7884432792550202,0.2597467016223494,1.852532983776506,0.572532983776506,1.75,0.35,0.0025329837765060447,1.556332459441265,-1.0540187009623425,1.7009788696740968,-1.18,1.239021130325903,-1.1,7.9526059575296,6.4368079433728,4.9526059575296,10.584432792550201,12.0,8.413350846645356,-7.001139842699428,0.9622358709262114,-0.9622358709262114,0.0,flattop_hold_and_trim
4.72,flattop,8.708305958991957,1.0905628672,47.496584630272,72.503415369728,0.6041951280810667,3.2166119179839163,0.7883059589919581,0.2597508212302413,1.8524917876975875,0.5724917876975874,1.75,0.35,0.002491787697587439,1.5562294692439687,-1.0541765671236614,1.7003542549854263,-1.18,1.2396457450145737,-1.1,7.952081968873472,6.436109291831296,4.952081968873472,10.583059589919582,12.0,8.414760095845029,-7.001121304463914,0.9544281873178279,-0.9544281873178279,0.0,flattop_hold_and_trim
4.74,flattop,8.70816339250717,1.0883905536,47.518374164479994,72.48162583552,0.6040135486293334,3.2163267850143438,0.7881633925071718,0.2597550982247849,1.8524490177521515,0.5724490177521515,1.75,0.35,0.0024490177521515515,1.556122544380379,-1.054331795275667,1.7000394654314346,-1.18,1.2399605345685654,-1.1,7.95155902005248,6.43541202673664,4.95155902005248,10.581633925071719,12.0,8.416223184395148,-7.001102057988468,0.950493317892932,-0.950493317892932,0.0,flattop_hold_and_trim
4.76,flattop,8.708015669848708,1.0862065664,47.54012013567999,72.45987986432002,0.6038323322026667,3.216031339697418,0.7880156698487087,0.25975952990453877,1.8524047009546127,0.5724047009546126,1.75,0.35,0.0024047009546126308,1.5560117523865316,-1.0544842873729314,1.7000394654314346,-1.18,1.2399605345685654,-1.1,7.95103711674368,6.43471615565824,4.95103711674368,10.580156698487087,12.0,8.417739188177627,-7.0010821154295755,0.950493317892932,-0.950493317892932,0.0,flattop_hold_and_trim
4.78,flattop,8.707862884321365,1.0840112128,47.56182231347199,72.43817768652801,0.6036514807210668,3.2157257686427325,0.7878628843213662,0.25976411347035905,1.85235886529641,0.5723588652964098,1.75,0.35,0.0023588652964098566,1.5558971632410248,-1.0546339470981776,1.7003542549854263,-1.18,1.2396457450145737,-1.1,7.950516264476672,6.434021685968896,4.950516264476672,10.578628843213663,12.0,8.41930714965198,-7.0010614893833845,0.9544281873178277,-0.9544281873178277,0.0,flattop_hold_and_trim
4.8,flattop,8.707705132427757,1.0818048,47.58348047359999,72.41651952640001,0.6034709960533334,3.215410264855516,0.787705132427758,0.25976884602716727,1.8523115397283274,0.5723115397283273,1.75,0.35,0.0023115397283273685,1.5557788493208184,-1.0547806799231152,1.7009788696740968,-1.18,1.239021130325903,-1.1,7.9499964686336,6.4333286248448,4.9499964686336,10.577051324277578,12.0,8.420926078460136,-7.001040192877747,0.9622358709262113,-0.9622358709262113,0.0,flattop_hold_and_trim
4.82,flattop,8.70754251380736,1.0795876352,47.605094397951994,72.394905602048,0.6032908800170667,3.2150850276147223,0.7875425138073611,0.2597737245857792,1.8522627541422083,0.5722627541422083,1.75,0.35,0.002262754142208311,1.5556568853555208,-1.0549243931681471,1.7019034589506796,-1.18,1.2380965410493203,-1.1,7.949477734449152,6.432636979265536,4.949477734449152,10.57542513807361,12.0,8.422594952051957,-7.001018239363994,0.9737932368834952,-0.9737932368834952,0.0,flattop_hold_and_trim
4.84,flattop,8.707375131173581,1.0773600256,47.626663874559995,72.37333612544,0.6031111343786667,3.2147502623471635,0.7873751311735818,0.25977874606479257,1.8522125393520745,0.5722125393520745,1.75,0.35,0.0022125393520745227,1.5555313483801863,-1.0550649960609078,1.7031134414899596,-1.18,1.2368865585100404,-1.1,7.94896006701056,6.43194675601408,4.94896006701056,10.573751311735817,12.0,8.424312716331118,-7.000995642708434,0.9889180186244959,-0.9889180186244959,0.0,flattop_hold_and_trim
4.86,flattop,8.707203090248878,1.0751222783999999,47.6481886976,72.3518113024,0.6029317608533333,3.2144061804977584,0.7872030902488791,0.25978390729253364,1.8521609270746637,0.5721609270746637,1.75,0.35,0.00216092707466372,1.5554023176866594,-1.055202399793596,1.7045897351444843,-1.18,1.2354102648555156,-1.1,7.9484434712576,6.4312579616768,4.9484434712576,10.572030902488791,12.0,8.426078286320879,-7.000972417183599,1.0073716893060527,-1.0073716893060527,0.0,flattop_hold_and_trim
4.88,flattop,8.707026499697987,1.0728747008,47.669668667391996,72.33033133260801,0.6027527611050668,3.214052999395977,0.7870264996979885,0.25978920500906033,1.8521079499093966,0.5721079499093965,1.75,0.35,0.0021079499093965485,1.5552698747734914,-1.0553365175790697,1.7063090578814262,-1.18,1.2336909421185738,-1.1,7.947927951982592,6.430570602643456,4.947927951982592,10.570264996979885,12.0,8.427890546849392,-7.000948577459228,1.0288632235178274,-1.0288632235178274,0.0,flattop_hold_and_trim
4.9,flattop,8.706845471059285,1.0706175999999998,47.6911035904,72.30889640960001,0.6025741367466667,3.213690942118574,0.7868454710592869,0.2597946358682214,1.8520536413177862,0.572053641317786,1.75,0.35,0.0020536413177860654,1.5551341032944652,-1.0554672647056607,1.7082442949541505,-1.18,1.2317557050458494,-1.1,7.9474135138304,6.4298846851072,4.9474135138304,10.568454710592869,12.0,8.429748353254068,-7.000924138593004,1.0530536869268818,-1.0530536869268818,0.0,flattop_hold_and_trim
4.92,flattop,8.706660118674343,1.0683512832,47.712493279232,72.287506720768,0.6023958893397333,3.213320237348685,0.7866601186743425,0.25980019643976976,1.851998035602303,0.5719980356023027,1.75,0.35,0.001998035602302755,1.554995089005757,-1.0555945585906814,1.7103649265179657,-1.18,1.2296350734820343,-1.1,7.946900161298432,6.429200215064576,4.946900161298432,10.566601186743425,12.0,8.43165053210456,-7.000899116021036,1.079561581474571,-1.079561581474571,0.0,flattop_hold_and_trim
4.94,flattop,8.706470559615694,1.0660760576,47.73383755264,72.26616244736,0.6022180203946667,3.212941119231389,0.7864705596156945,0.2598058832115292,1.8519411678847084,0.5719411678847083,1.75,0.35,0.0019411678847083328,1.5548529197117709,-1.0557183188325858,1.7126375089463064,-1.18,1.2273624910536935,-1.1,7.94638789873664,6.42851719831552,4.94638789873664,10.564705596156944,12.0,8.433595881943935,-7.000873525548119,1.1079688618288308,-1.1079688618288308,0.0,flattop_hold_and_trim
4.96,flattop,8.706276913612907,1.0637922304,47.75513623552,72.24486376448,0.6020405313706667,3.2125538272258143,0.7862769136129071,0.2598116925916128,1.851883074083872,0.5718830740838721,1.75,0.35,0.0018830740838721017,1.5547076852096804,-1.0558384672617527,1.7150262022567029,-1.18,1.224973797743297,-1.1,7.94587673034752,6.42783564046336,4.94587673034752,10.56276913612907,12.0,8.435583174047542,-7.000847383337742,1.137827528208786,-1.137827528208786,0.0,flattop_hold_and_trim
4.98,flattop,8.706079302976946,1.0615001088,47.776389158911996,72.223610841088,0.6018634236757333,3.2121586059538925,0.7860793029769461,0.2598176209106916,1.851823790893084,0.5718237908930838,1.75,0.35,0.0018237908930838148,1.5545594772327096,-1.0559549279898588,1.7174933353287138,-1.18,1.222506664671286,-1.1,7.945366660186112,6.427155546914816,4.945366660186112,10.56079302976946,12.0,8.437611153199091,-7.000820705901888,1.1686666916089243,-1.1686666916089243,0.0,flattop_hold_and_trim
5.0,flattop,8.705877852522924,1.0592,47.79759616,72.20240384,0.6016866986666667,3.21175570504585,0.7858778525229247,0.25982366442431226,1.8517633557568776,0.5717633557568774,1.75,0.35,0.0017633557568774198,1.5544083893921936,-1.0560676274578122,1.72,-1.18,1.22,-1.1,7.94485769216,6.42647692288,4.94485769216,10.558778525229247,12.0,8.439678538483486,-7.0007935100905945,1.1999999999999997,-1.1999999999999997,0.0,flattop_hold_and_trim
5.02,flattop,8.705672689491267,1.0568922112,47.818757082112,72.181242917888,0.6015103576490667,3.2113453789825352,0.7856726894912676,0.259829819315262,1.8517018068473803,0.5717018068473803,1.75,0.35,0.0017018068473802714,1.5542545171184508,-1.0561764944822132,1.722506664671286,-1.18,1.2174933353287138,-1.1,7.944349830029312,6.425799773372416,4.944349830029312,10.556726894912675,12.0,8.441784024095867,-7.000765813081321,1.2313333083910754,-1.2313333083910754,0.0,flattop_hold_and_trim
5.04,flattop,8.705463943467342,1.0545770496,47.83987177472,72.16012822528,0.6013344018773333,3.2109278869346856,0.7854639434673427,0.2598360816959797,1.8516391830402028,0.5716391830402028,1.75,0.35,0.0016391830402028077,1.5540979576005072,-1.056281460300316,1.724973797743297,-1.18,1.2150262022567029,-1.1,7.94384307740672,6.42512410320896,4.94384307740672,10.554639434673428,12.0,8.443926280166394,-7.000737632368091,1.2621724717912137,-1.2621724717912135,0.0,flattop_hold_and_trim
5.06,flattop,8.705251746299613,1.0522548224000001,47.86094009344,72.13905990656,0.6011588325546666,3.210503492599226,0.785251746299613,0.2598424476110116,1.851575523889884,0.5715755238898839,1.75,0.35,0.0015755238898838883,1.5539388097247098,-1.0563824586134603,1.7273624910536935,-1.18,1.2126375089463064,-1.1,7.94333743775744,6.42444991700992,4.94333743775744,10.55251746299613,12.0,8.446103953600222,-7.000708985750448,1.2920311381711689,-1.2920311381711689,0.0,flattop_hold_and_trim
5.08,flattop,8.705036232016356,1.0499258368,47.881961900032,72.118038099968,0.6009836508330667,3.210072464032715,0.7850362320163576,0.2598489130395093,1.8515108696049074,0.5715108696049073,1.75,0.35,0.0015108696049072827,1.5537771740122683,-1.0564794256289463,1.7296350734820343,-1.18,1.2103649265179657,-1.1,7.942832914399232,6.423777219198976,4.942832914399232,10.550362320163575,12.0,8.44831566893213,-7.000679891322208,1.3204384185254288,-1.3204384185254288,0.0,flattop_hold_and_trim
5.1,flattop,8.704817536741016,1.0475904,47.9029370624,72.0970629376,0.6008088578133334,3.2096350734820347,0.7848175367410172,0.2598554738977695,1.8514452610223053,0.5714452610223051,1.75,0.35,0.0014452610223051469,1.5536131525557628,-1.056572300100329,1.7317557050458494,-1.18,1.2082442949541505,-1.1,7.9423295105024,6.4231060140032,4.9423295105024,10.548175367410172,12.0,8.45056002919531,-7.000650367460038,1.3469463130731179,-1.346946313073118,0.0,flattop_hold_and_trim
5.12,flattop,8.704595798606213,1.0452488192,47.923865454592,72.076134545408,0.6006344545450666,3.20919159721243,0.7845957986062149,0.2598621260418136,1.8513787395818646,0.5713787395818644,1.75,0.35,0.0013787395818644628,1.5534468489546611,-1.0566610233661016,1.7336909421185738,-1.18,1.2063090578814262,-1.1,7.941827229089792,6.422436305453056,4.941827229089792,10.545957986062149,12.0,8.45283561680372,-7.000620432811839,1.3711367764821722,-1.3711367764821718,0.0,flattop_hold_and_trim
5.14,flattop,8.70437115766651,1.0429014016,47.944746956799996,72.0552530432,0.6004604420266666,3.208742315333019,0.7843711576665093,0.25986886527000475,1.851311347299953,0.5713113472999527,1.75,0.35,0.0013113472999527998,1.553278368249882,-1.0567455393867478,1.7354102648555156,-1.18,1.2045897351444843,-1.1,7.9413260730368,6.4217680973824,4.9413260730368,10.543711576665093,12.0,8.455140994447449,-7.000590106284979,1.392628310693947,-1.392628310693947,0.0,flattop_hold_and_trim
5.16,flattop,8.704143755809932,1.0405484543999999,47.965581455359995,72.03441854464,0.6002868212053334,3.208287511619866,0.7841437558099329,0.25987568732570204,1.8512431267429799,0.5712431267429798,1.75,0.35,0.0012431267429798517,1.5531078168574497,-1.0568257947801376,1.7368865585100404,-1.18,1.2031134414899596,-1.1,7.94082604507136,6.42110139342848,4.94082604507136,10.541437558099329,12.0,8.457474706000564,-7.00055940703434,1.4110819813755038,-1.4110819813755038,0.0,flattop_hold_and_trim
5.18,flattop,8.70391373666837,1.0381902848,47.98636884275199,72.013631157248,0.6001135929770667,3.2078274733367445,0.783913736668372,0.25988258789994884,1.8511741210005117,0.5711741210005116,1.75,0.35,0.0011741210005116085,1.552935302501279,-1.056901738855244,1.7380965410493203,-1.18,1.2019034589506796,-1.1,7.940327147773952,6.420436197031936,4.940327147773952,10.53913736668372,12.0,8.459835277440833,-7.00052835445023,1.4262067631165047,-1.4262067631165045,0.0,flattop_hold_and_trim
5.2,flattop,8.703681245526846,1.0358272,48.007109017599994,71.99289098240001,0.5999407581866668,3.2073624910536935,0.7836812455268468,0.2598895626341946,1.8511043736580541,0.571104373658054,1.75,0.35,0.0011043736580540332,1.5527609341451352,-1.0569733236441619,1.739021130325903,-1.18,1.2009788696740968,-1.1,7.9398293835776,6.4197725114368,4.9398293835776,10.536812455268468,12.0,8.462221217780735,-7.000496968146124,1.4377641290737884,-1.4377641290737886,0.0,flattop_hold_and_trim
5.22,flattop,8.703446429231745,1.0334595072000001,48.027801884671995,71.97219811532801,0.5997683176277334,3.2068928584634904,0.7834464292317452,0.25989660712304763,1.8510339287695237,0.5710339287695235,1.75,0.35,0.0010339287695235524,1.552584821923809,-1.057040503932404,1.7396457450145737,-1.18,1.2003542549854263,-1.1,7.939332754767872,6.419110339690496,4.939332754767872,10.534464292317452,12.0,8.464631020009215,-7.000465267946286,1.4455718126821722,-1.445571812682172,0.0,flattop_hold_and_trim
5.24,flattop,8.70320943609807,1.0310875136,48.04844735488,71.95155264512,0.5995962720426667,3.2064188721961444,0.7832094360980721,0.2599037169170578,1.8509628308294217,0.5709628308294216,1.75,0.35,0.0009628308294216278,1.552407077073554,-1.0571032372874607,1.7399605345685654,-1.18,1.2000394654314346,-1.1,7.93883726348288,6.41844968464384,4.93883726348288,10.532094360980722,12.0,8.467063162043534,-7.00043327387324,1.449506682107068,-1.449506682107068,0.0,flattop_hold_and_trim
5.26,flattop,8.70297041581577,1.0287115264,48.069045345279996,71.93095465472001,0.5994246221226668,3.205940831631541,0.7829704158157704,0.2599108875255269,1.8508911247447313,0.570891124744731,1.75,0.35,0.0008911247447311061,1.5522278118618278,-1.0571614840855998,1.7399605345685654,-1.18,1.2000394654314346,-1.1,7.93834291171328,6.41779054895104,4.93834291171328,10.529704158157703,12.0,8.469516107690657,-7.000401006135129,1.449506682107068,-1.449506682107068,0.0,flattop_hold_and_trim
5.28,flattop,8.702729519355172,1.0263318527999998,48.089595779072,71.910404220928,0.5992533685077334,3.2054590387103468,0.7827295193551733,0.2599181144193448,1.8508188558065521,0.5708188558065519,1.75,0.35,0.0008188558065519751,1.55204713951638,-1.0572152075368957,1.7396457450145737,-1.18,1.2003542549854263,-1.1,7.937849701302272,6.417132935069696,4.937849701302272,10.527295193551733,12.0,8.471988307617533,-7.000368485112949,1.4455718126821722,-1.4455718126821722,0.0,flattop_hold_and_trim
5.3,flattop,8.702486898871648,1.0239488,48.1100985856,71.8899014144,0.5990825117866667,3.2049737977432975,0.7824868988716486,0.25992539303385054,1.8507460696614946,0.5707460696614945,1.75,0.35,0.0007460696614945657,1.5518651741537364,-1.0572643737084648,1.739021130325903,-1.18,1.2009788696740968,-1.1,7.9373576339456,6.4164768452608,4.9373576339456,10.524868988716486,12.0,8.474478200329706,-7.000335731347673,1.4377641290737886,-1.4377641290737884,0.0,flattop_hold_and_trim
5.32,flattop,8.702242707609493,1.0215626752,48.130553700352,71.86944629964799,0.5989120524970666,3.2044854152189877,0.7822427076094939,0.2599327187717152,1.8506728122828482,0.570672812282848,1.75,0.35,0.000672812282848143,1.5516820307071204,-1.0573089515458993,1.7380965410493203,-1.18,1.2019034589506796,-1.1,7.936866711191552,6.415822281588736,4.936866711191552,10.522427076094939,12.0,8.47698421315757,-7.000302765527282,1.4262067631165047,-1.426206763116505,0.0,flattop_hold_and_trim
5.34,flattop,8.701997099805144,1.0191737856,48.15096106496,71.84903893504,0.5987419911253333,3.2039941996102885,0.7819970998051441,0.2599400870058457,1.8505991299415434,0.5705991299415432,1.75,0.35,0.0005991299415432225,1.551497824853858,-1.057348912892882,1.7368865585100404,-1.18,1.2031134414899596,-1.1,7.93637693444096,6.41516924592128,4.93637693444096,10.519970998051441,12.0,8.47950476324971,-7.000269608473695,1.411081981375504,-1.411081981375504,0.0,flattop_hold_and_trim
5.36,flattop,8.701750230589752,1.0167824384,48.171320627200004,71.8286793728,0.5985723281066666,3.2035004611795057,0.7817502305897528,0.2599474930823074,1.850525069176926,0.5705250691769258,1.75,0.35,0.0005250691769258276,1.5513126729423146,-1.057384232508969,1.7354102648555156,-1.18,1.2045897351444843,-1.1,7.9358883049472,6.4145177399296,4.9358883049472,10.517502305897528,12.0,8.482038258572661,-7.000236281129617,1.3926283106939472,-1.3926283106939472,0.0,flattop_hold_and_trim
5.38,flattop,8.701502255891207,1.0143889408,48.191632340992,71.808367659008,0.5984030638250667,3.2030045117824155,0.7815022558912076,0.2599549323232638,1.8504506767673623,0.5704506767673623,1.75,0.35,0.0004506767673622727,1.5511266919184057,-1.0574148880855343,1.7336909421185738,-1.18,1.2063090578814262,-1.1,7.935400823816192,6.413867765088256,4.935400823816192,10.515022558912076,12.0,8.484583098916483,-7.000202804545313,1.3711367764821725,-1.3711367764821727,0.0,flattop_hold_and_trim
5.4,flattop,8.701253332335643,1.0119935999999998,48.2118961664,71.78810383359999,0.5982341986133333,3.202506664671286,0.7812533323356431,0.2599624000299307,1.850375999700693,0.5703759997006929,1.75,0.35,0.0003759997006929123,1.5509399992517323,-1.0574408602598586,1.7317557050458494,-1.18,1.2082442949541505,-1.1,7.9349144920064,6.4132193226752,4.9349144920064,10.51253332335643,12.0,8.487137676905462,-7.0001691998653115,1.346946313073118,-1.3469463130731176,0.0,flattop_hold_and_trim
5.42,flattop,8.701003617148512,1.0095967232,48.232112069632,71.767887930368,0.5980657327530667,3.2020072342970245,0.7810036171485122,0.25996989148554467,1.8503010851445538,0.5703010851445536,1.75,0.35,0.0003010851445536449,1.550752712861384,-1.0574621326273599,1.7296350734820343,-1.18,1.2103649265179657,-1.1,7.934429310328832,6.412572413771776,4.934429310328832,10.51003617148512,12.0,8.489700379013394,-7.000135488315049,1.320438418525429,-1.3204384185254292,0.0,flattop_hold_and_trim
5.44,flattop,8.700753268055278,1.0071986175999998,48.25228002304,71.74771997696,0.5978976664746667,3.201506536110559,0.7807532680552793,0.2599774019583416,1.850225980416584,0.5702259804165838,1.75,0.35,0.0002259804165837978,1.5505649510414596,-1.0574786917519547,1.7273624910536935,-1.18,1.2126375089463064,-1.1,7.93394527944704,6.41192703926272,4.93394527944704,10.507532680552794,12.0,8.492269586582696,-7.000101691187463,1.292031138171169,-1.292031138171169,0.0,flattop_hold_and_trim
5.46,flattop,8.700502443181797,1.0047995904,48.27240000512,71.72759999488,0.5977299999573333,3.2010048863635956,0.7805024431817977,0.2599849267045461,1.8501507329545395,0.5701507329545392,1.75,0.35,0.000150732954539309,1.5503768323863483,-1.0574905271745452,1.724973797743297,-1.18,1.2150262022567029,-1.1,7.93346239987712,6.41128319983616,4.93346239987712,10.505024431817978,12.0,8.4948436768468,-7.0000678298295425,1.262172471791214,-1.2621724717912135,0.0,flattop_hold_and_trim
5.48,flattop,8.700251300954433,1.0023999488,48.292472000512,71.70752799948801,0.5975627333290667,3.200502601908867,0.7802513009544334,0.259992460971367,1.85007539028633,0.5700753902863299,1.75,0.35,7.539028633001078e-05,1.550188475715825,-1.0574976314196247,1.722506664671286,-1.18,1.2174933353287138,-1.1,7.932980671987712,6.410640895983616,4.932980671987712,10.502513009544334,12.0,8.497421023955127,-7.000033925628848,1.2313333083910756,-1.231333308391076,0.0,flattop_hold_and_trim
5.5,flattop,8.7,1.0,48.312495999999996,71.687504,0.5973958666666667,3.2,0.78,0.26,1.85,0.57,1.75,0.35,3.6739403974420597e-19,1.55,-1.0575,1.72,-1.18,1.22,-1.1,7.932500096,6.410000128,4.932500096,10.5,12.0,8.5,-7.0,1.2000000000000002,-1.2000000000000002,0.0,flattop_hold_and_trim
5.52,flattop,8.699748699045566,0.9976000512000001,48.332472000512,71.667527999488,0.5972293999957333,3.1994973980911334,0.7797486990455667,0.259992460971367,1.8499246097136701,0.56992460971367,1.75,0.35,-7.539028633001004e-05,1.549811524284175,-1.0574976314196247,1.7174933353287138,-1.18,1.222506664671286,-1.1,7.932020671987712,6.409360895983616,4.932020671987712,10.497486990455666,12.0,8.502578976044873,-6.999966074371152,1.1686666916089246,-1.1686666916089243,0.0,flattop_hold_and_trim
5.54,flattop,8.699497556818201,0.9952004096,48.352400005119996,71.64759999488001,0.5970633332906667,3.1989951136364048,0.7794975568182023,0.2599849267045461,1.8498492670454607,0.5698492670454607,1.75,0.35,-0.00015073295453930827,1.5496231676136518,-1.0574905271745452,1.7150262022567029,-1.18,1.224973797743297,-1.1,7.93154239987712,6.40872319983616,4.93154239987712,10.494975568182022,12.0,8.5051563231532,-6.9999321701704575,1.1378275282087864,-1.1378275282087869,0.0,flattop_hold_and_trim
5.56,flattop,8.69924673194472,0.9928013824,48.37228002304,71.62771997696001,0.5968976664746667,3.1984934638894416,0.7792467319447207,0.2599774019583416,1.8497740195834163,0.5697740195834161,1.75,0.35,-0.00022598041658379705,1.5494350489585405,-1.0574786917519547,1.7126375089463064,-1.18,1.2273624910536935,-1.1,7.93106527944704,6.40808703926272,4.93106527944704,10.492467319447206,12.0,8.507730413417304,-6.999898308812537,1.107968861828831,-1.107968861828831,0.0,flattop_hold_and_trim
5.58,flattop,8.698996382851487,0.9904032768,48.392112069632,71.60788793036801,0.5967323994197334,3.197992765702976,0.7789963828514879,0.25996989148554467,1.8496989148554464,0.5696989148554463,1.75,0.35,-0.0003010851445536442,1.549247287138616,-1.0574621326273599,1.7103649265179657,-1.18,1.2296350734820343,-1.1,7.930589310328832,6.407452413771776,4.930589310328832,10.48996382851488,12.0,8.510299620986606,-6.999864511684951,1.0795615814745712,-1.0795615814745712,0.0,flattop_hold_and_trim
5.6,flattop,8.698746667664356,0.9880064000000001,48.4118961664,71.5881038336,0.5965675319466667,3.1974933353287143,0.778746667664357,0.2599624000299307,1.8496240002993072,0.569624000299307,1.75,0.35,-0.0003759997006929103,1.5490600007482678,-1.0574408602598586,1.7082442949541505,-1.18,1.2317557050458494,-1.1,7.9301144920064,6.4068193226752,4.9301144920064,10.48746667664357,12.0,8.512862323094538,-6.9998308001346885,1.0530536869268825,-1.0530536869268825,0.0,flattop_hold_and_trim
5.62,flattop,8.698497744108792,0.9856110592,48.431632340991996,71.568367659008,0.5964030638250667,3.196995488217585,0.7784977441087925,0.2599549323232638,1.8495493232326379,0.5695493232326376,1.75,0.35,-0.00045067676736227063,1.5488733080815944,-1.0574148880855343,1.7063090578814262,-1.18,1.2336909421185738,-1.1,7.929640823816192,6.406187765088256,4.929640823816192,10.484977441087924,12.0,8.515416901083517,-6.999797195454687,1.028863223517828,-1.028863223517828,0.0,flattop_hold_and_trim
5.64,flattop,8.698249769410246,0.9832175616000001,48.4513206272,71.5486793728,0.5962389947733333,3.1964995388204946,0.7782497694102473,0.2599474930823074,1.8494749308230742,0.5694749308230741,1.75,0.35,-0.0005250691769258269,1.5486873270576855,-1.057384232508969,1.7045897351444843,-1.18,1.2354102648555156,-1.1,7.9291683049472,6.4055577399296,4.9291683049472,10.482497694102472,12.0,8.517961741427339,-6.999763718870383,1.007371689306053,-1.007371689306053,0.0,flattop_hold_and_trim
5.66,flattop,8.698002900194854,0.9808262144,48.47096106496,71.52903893504,0.5960753244586667,3.196005800389712,0.778002900194856,0.2599400870058457,1.8494008700584568,0.5694008700584567,1.75,0.35,-0.0005991299415432218,1.548502175146142,-1.057348912892882,1.7031134414899596,-1.18,1.2368865585100404,-1.1,7.92869693444096,6.40492924592128,4.92869693444096,10.480029001948559,12.0,8.52049523675029,-6.999730391526305,0.9889180186244961,-0.9889180186244961,0.0,flattop_hold_and_trim
5.68,flattop,8.697757292390506,0.9784373248,48.490553700352,71.509446299648,0.5959120524970667,3.1955145847810127,0.7777572923905062,0.2599327187717152,1.849327187717152,0.5693271877171519,1.75,0.35,-0.000672812282848141,1.5483179692928797,-1.0573089515458993,1.7019034589506796,-1.18,1.2380965410493203,-1.1,7.928226711191552,6.404302281588736,4.928226711191552,10.477572923905061,12.0,8.52301578684243,-6.999697234472718,0.9737932368834954,-0.9737932368834954,0.0,flattop_hold_and_trim
5.7,flattop,8.69751310112835,0.9760512,48.510098585600005,71.4899014144,0.5957491784533333,3.1950262022567033,0.7775131011283515,0.25992539303385054,1.8492539303385056,0.5692539303385054,1.75,0.35,-0.0007460696614945637,1.5481348258462637,-1.0572643737084648,1.7009788696740968,-1.18,1.239021130325903,-1.1,7.9277576339456,6.4036768452608,4.9277576339456,10.475131011283514,12.0,8.525521799670294,-6.999664268652327,0.9622358709262115,-0.9622358709262117,0.0,flattop_hold_and_trim
5.72,flattop,8.697270480644827,0.9736681472000001,48.529595779072004,71.470404220928,0.5955867018410667,3.1945409612896536,0.7772704806448267,0.2599181144193448,1.849181144193448,0.569181144193448,1.75,0.35,-0.0008188558065519744,1.5479528604836201,-1.0572152075368957,1.7003542549854263,-1.18,1.2396457450145737,-1.1,7.927289701302272,6.403052935069696,4.927289701302272,10.472704806448268,12.0,8.528011692382465,-6.999631514887051,0.9544281873178279,-0.9544281873178279,0.0,flattop_hold_and_trim
5.74,flattop,8.697029584184229,0.9712884735999999,48.54904534528001,71.45095465472,0.5954246221226666,3.1940591683684594,0.7770295841842296,0.2599108875255269,1.849108875255269,0.5691088752552689,1.75,0.35,-0.0008911247447311053,1.5477721881381723,-1.0571614840855998,1.7000394654314346,-1.18,1.2399605345685654,-1.1,7.92682291171328,6.40243054895104,4.92682291171328,10.470295841842297,12.0,8.530483892309343,-6.999598993864871,0.950493317892932,-0.950493317892932,0.0,flattop_hold_and_trim
5.76,flattop,8.696790563901928,0.9689124864,48.56844735488001,71.43155264512,0.5952629387093332,3.193581127803856,0.7767905639019279,0.2599037169170578,1.8490371691705785,0.5690371691705783,1.75,0.35,-0.0009628308294216271,1.547592922926446,-1.0571032372874607,1.7000394654314346,-1.18,1.2399605345685654,-1.1,7.92635726348288,6.40180968464384,4.92635726348288,10.467905639019278,12.0,8.532936837956466,-6.99956672612676,0.950493317892932,-0.950493317892932,0.0,flattop_hold_and_trim
5.78,flattop,8.696553570768254,0.9665404928,48.58780188467201,71.41219811532798,0.5951016509610665,3.19310714153651,0.7765535707682548,0.25989660712304763,1.8489660712304765,0.5689660712304764,1.75,0.35,-0.0010339287695235518,1.5474151780761911,-1.057040503932404,1.7003542549854263,-1.18,1.2396457450145737,-1.1,7.925892754767872,6.401190339690496,4.925892754767872,10.465535707682548,12.0,8.535368979990785,-6.999534732053714,0.9544281873178277,-0.9544281873178277,0.0,flattop_hold_and_trim
5.8,flattop,8.696318754473152,0.9641728,48.60710901760001,71.39289098239999,0.5949407581866666,3.192637508946307,0.7763187544731532,0.2598895626341946,1.848895626341946,0.5688956263419459,1.75,0.35,-0.0011043736580540339,1.547239065854865,-1.0569733236441619,1.7009788696740968,-1.18,1.239021130325903,-1.1,7.9254293835776,6.4005725114368,4.9254293835776,10.463187544731532,12.0,8.537778782219265,-6.999503031853876,0.9622358709262115,-0.9622358709262115,0.0,flattop_hold_and_trim
5.82,flattop,8.696086263331628,0.9618097152,48.62636884275201,71.37363115724798,0.5947802596437332,3.192172526663256,0.776086263331628,0.25988258789994884,1.8488258789994885,0.5688258789994883,1.75,0.35,-0.001174121000511609,1.547064697498721,-1.056901738855244,1.7019034589506796,-1.18,1.2380965410493203,-1.1,7.924967147773952,6.399956197031936,4.924967147773952,10.46086263331628,12.0,8.540164722559167,-6.99947164554977,0.9737932368834953,-0.9737932368834953,0.0,flattop_hold_and_trim
5.84,flattop,8.695856244190066,0.9594515456,48.64558145536001,71.35441854464,0.5946201545386667,3.1917124883801344,0.7758562441900672,0.25987568732570204,1.8487568732570203,0.5687568732570201,1.75,0.35,-0.001243126742979851,1.5468921831425504,-1.0568257947801376,1.7031134414899596,-1.18,1.2368865585100404,-1.1,7.92450604507136,6.39934139342848,4.92450604507136,10.458562441900671,12.0,8.542525293999436,-6.99944059296566,0.9889180186244959,-0.9889180186244959,0.0,flattop_hold_and_trim
5.86,flattop,8.69562884233349,0.9570985984,48.66474695680001,71.3352530432,0.5944604420266667,3.1912576846669816,0.7756288423334907,0.25986886527000475,1.8486886527000472,0.5686886527000472,1.75,0.35,-0.0013113472999527992,1.546721631750118,-1.0567455393867478,1.7045897351444843,-1.18,1.2354102648555156,-1.1,7.9240460730368,6.3987280973824,4.9240460730368,10.456288423334907,12.0,8.544859005552551,-6.999409893715021,1.0073716893060527,-1.0073716893060527,0.0,flattop_hold_and_trim
5.88,flattop,8.695404201393785,0.9547511808,48.68386545459201,71.31613454540799,0.5943011212117333,3.1908084027875705,0.7754042013937852,0.2598621260418136,1.8486212604181356,0.5686212604181355,1.75,0.35,-0.0013787395818644632,1.546553151045339,-1.0566610233661016,1.7063090578814262,-1.18,1.2336909421185738,-1.1,7.923587229089792,6.398116305453056,4.923587229089792,10.454042013937851,12.0,8.54716438319628,-6.999379567188161,1.0288632235178279,-1.0288632235178277,0.0,flattop_hold_and_trim
5.9,flattop,8.695182463258982,0.9524096,48.70293706240001,71.29706293759999,0.5941421911466666,3.1903649265179657,0.7751824632589829,0.2598554738977695,1.8485547389776948,0.5685547389776948,1.75,0.35,-0.0014452610223051473,1.5463868474442373,-1.056572300100329,1.7082442949541505,-1.18,1.2317557050458494,-1.1,7.9231295105024,6.3975060140032,4.9231295105024,10.451824632589828,12.0,8.54943997080469,-6.999349632539962,1.0530536869268823,-1.0530536869268823,0.0,flattop_hold_and_trim
5.92,flattop,8.694963767983642,0.9500741632,48.721961900032014,71.27803809996799,0.5939836508330666,3.189927535967285,0.7749637679836424,0.2598489130395093,1.8484891303950928,0.5684891303950926,1.75,0.35,-0.001510869604907282,1.5462228259877318,-1.0564794256289463,1.7103649265179657,-1.18,1.2296350734820343,-1.1,7.922672914399232,6.396897219198976,4.922672914399232,10.449637679836425,12.0,8.55168433106787,-6.999320108677792,1.0795615814745707,-1.0795615814745707,0.0,flattop_hold_and_trim
5.94,flattop,8.694748253700386,0.9477451775999999,48.74094009344002,71.25905990655998,0.5938254992213332,3.1894965074007744,0.774748253700387,0.2598424476110116,1.8484244761101163,0.568424476110116,1.75,0.35,-0.0015755238898838876,1.5460611902752903,-1.0563824586134603,1.7126375089463064,-1.18,1.2273624910536935,-1.1,7.92221743775744,6.39628991700992,4.92221743775744,10.44748253700387,12.0,8.553896046399778,-6.999291014249552,1.1079688618288308,-1.1079688618288308,0.0,flattop_hold_and_trim
5.96,flattop,8.694536056532657,0.9454229504,48.75987177472002,71.24012822527999,0.5936677352106666,3.189072113065315,0.7745360565326573,0.2598360816959797,1.8483608169597974,0.5683608169597971,1.75,0.35,-0.001639183040202808,1.545902042399493,-1.056281460300316,1.7150262022567029,-1.18,1.224973797743297,-1.1,7.92176307740672,6.39568410320896,4.92176307740672,10.445360565326572,12.0,8.556073719833606,-6.999262367631909,1.1378275282087864,-1.1378275282087864,0.0,flattop_hold_and_trim
5.98,flattop,8.694327310508731,0.9431077887999999,48.778757082112016,71.22124291788799,0.5935103576490666,3.188654621017465,0.7743273105087325,0.259829819315262,1.84829819315262,0.5682981931526196,1.75,0.35,-0.001701806847380271,1.5457454828815493,-1.0561764944822132,1.717493335328714,-1.18,1.2225066646712859,-1.1,7.921309830029312,6.395079773372416,4.921309830029312,10.443273105087325,12.0,8.558215975904133,-6.999234186918679,1.1686666916089248,-1.1686666916089248,0.0,flattop_hold_and_trim
6.0,flattop,8.694122147477074,0.9408000000000001,48.79759616000001,71.20240383999999,0.5933533653333333,3.1882442949541505,0.7741221474770753,0.25982366442431226,1.8482366442431226,0.5682366442431225,1.75,0.35,-0.0017633557568774191,1.5455916106078065,-1.0560676274578122,1.72,-1.18,1.22,-1.1,7.92085769216,6.39447692288,4.92085769216,10.441221474770753,12.0,8.560321461516514,-6.9992064899094055,1.1999999999999997,-1.1999999999999997,0.0,flattop_hold_and_trim
6.02,flattop,8.693920697023053,0.9384998912000001,48.81638915891201,71.18361084108798,0.5931967570090665,3.187841394046108,0.773920697023054,0.2598176209106916,1.8481762091069163,0.5681762091069161,1.75,0.35,-0.0018237908930838142,1.5454405227672905,-1.0559549279898588,1.7225066646712859,-1.18,1.217493335328714,-1.1,7.920406660186112,6.393875546914816,4.920406660186112,10.43920697023054,12.0,8.562388846800909,-6.999179294098112,1.2313333083910747,-1.2313333083910747,0.0,flattop_hold_and_trim
6.04,flattop,8.693723086387092,0.9362077696,48.83513623552001,71.16486376447999,0.5930405313706666,3.187446172774186,0.773723086387093,0.2598116925916128,1.848116925916128,0.5681169259161278,1.75,0.35,-0.0018830740838721,1.5452923147903197,-1.0558384672617527,1.724973797743297,-1.18,1.2150262022567029,-1.1,7.91995673034752,6.39327564046336,4.91995673034752,10.43723086387093,12.0,8.564416825952458,-6.999152616662258,1.262172471791213,-1.262172471791213,0.0,flattop_hold_and_trim
6.06,flattop,8.693529440384305,0.9339239424000001,48.85383755264001,71.14616244735998,0.5928846870613332,3.1870588807686113,0.7735294403843056,0.2598058832115292,1.8480588321152918,0.5680588321152916,1.75,0.35,-0.0019411678847083321,1.5451470802882292,-1.0557183188325858,1.7273624910536935,-1.18,1.2126375089463064,-1.1,7.91950789873664,6.39267719831552,4.91950789873664,10.435294403843056,12.0,8.566404118056065,-6.999126474451881,1.2920311381711689,-1.2920311381711687,0.0,flattop_hold_and_trim
6.08,flattop,8.693339881325656,0.9316487168,48.87249327923201,71.127506720768,0.5927292226730666,3.1866797626513153,0.7733398813256576,0.25980019643976976,1.8480019643976973,0.5680019643976972,1.75,0.35,-0.0019980356023027545,1.5450049109942432,-1.0555945585906814,1.7296350734820343,-1.18,1.2103649265179657,-1.1,7.919060161298432,6.392080215064576,4.919060161298432,10.433398813256575,12.0,8.56834946789544,-6.999100883978964,1.3204384185254288,-1.3204384185254288,0.0,flattop_hold_and_trim
6.1,flattop,8.693154528940713,0.9293824000000002,48.89110359040001,71.10889640959999,0.5925741367466666,3.1863090578814264,0.7731545289407131,0.2597946358682214,1.847946358682214,0.5679463586822139,1.75,0.35,-0.002053641317786064,1.5448658967055349,-1.0554672647056607,1.7317557050458494,-1.18,1.2082442949541505,-1.1,7.9186135138304,6.3914846851072,4.9186135138304,10.431545289407131,12.0,8.570251646745932,-6.999075861406996,1.3469463130731174,-1.3469463130731174,0.0,flattop_hold_and_trim
6.12,flattop,8.692973500302012,0.9271252992000001,48.909668667392005,71.090331332608,0.5924194277717334,3.185947000604023,0.7729735003020115,0.25978920500906033,1.8478920500906035,0.5678920500906034,1.75,0.35,-0.0021079499093965472,1.5447301252265087,-1.0553365175790697,1.7336909421185738,-1.18,1.2063090578814262,-1.1,7.918167951982592,6.390890602643456,4.918167951982592,10.429735003020115,12.0,8.572109453150608,-6.999051422540772,1.3711367764821718,-1.3711367764821718,0.0,flattop_hold_and_trim
6.14,flattop,8.69279690975112,0.9248777216000001,48.92818869760001,71.0718113024,0.5922650941866666,3.185593819502242,0.7727969097511209,0.25978390729253364,1.8478390729253364,0.5678390729253362,1.75,0.35,-0.0021609270746637196,1.5445976823133407,-1.055202399793596,1.7354102648555156,-1.18,1.2045897351444843,-1.1,7.9177234712576,6.3902979616768,4.9177234712576,10.427969097511209,12.0,8.573921713679121,-6.999027582816401,1.392628310693947,-1.3926283106939468,0.0,flattop_hold_and_trim
6.16,flattop,8.692624868826417,0.9226399744,48.94666387456001,71.05333612543998,0.5921111343786666,3.185249737652837,0.7726248688264182,0.25977874606479257,1.8477874606479257,0.5677874606479254,1.75,0.35,-0.0022125393520745222,1.5444686516198138,-1.0550649960609078,1.7368865585100404,-1.18,1.2031134414899596,-1.1,7.91728006701056,6.38970675601408,4.91728006701056,10.426248688264183,12.0,8.575687283668882,-6.999004357291566,1.4110819813755038,-1.4110819813755038,0.0,flattop_hold_and_trim
6.18,flattop,8.69245748619264,0.9204123648000001,48.96509439795201,71.03490560204798,0.5919575466837332,3.184914972385278,0.772457486192639,0.2597737245857792,1.8477372458577919,0.5677372458577916,1.75,0.35,-0.00226275414220831,1.5443431146444793,-1.0549243931681471,1.7380965410493203,-1.18,1.2019034589506796,-1.1,7.916837734449152,6.389116979265536,4.916837734449152,10.42457486192639,12.0,8.577405047948043,-6.998981760636006,1.4262067631165045,-1.4262067631165045,0.0,flattop_hold_and_trim
6.2,flattop,8.692294867572242,0.9181952,48.98348047360001,71.01651952639999,0.5918043293866666,3.1845897351444843,0.7722948675722421,0.25976884602716727,1.8476884602716728,0.5676884602716726,1.75,0.35,-0.002311539728327368,1.5442211506791816,-1.0547806799231152,1.739021130325903,-1.18,1.2009788696740968,-1.1,7.9163964686336,6.3885286248448,4.9163964686336,10.422948675722422,12.0,8.579073921539864,-6.998959807122253,1.4377641290737884,-1.4377641290737884,0.0,flattop_hold_and_trim
6.22,flattop,8.692137115678634,0.9159887872000001,49.00182231347201,70.99817768652798,0.5916514807210665,3.184274231357268,0.7721371156786339,0.25976411347035905,1.8476411347035901,0.5676411347035901,1.75,0.35,-0.0023588652964098558,1.5441028367589753,-1.0546339470981776,1.7396457450145737,-1.18,1.2003542549854263,-1.1,7.915956264476672,6.3879416859688956,4.915956264476672,10.421371156786337,12.0,8.58069285034802,-6.9989385106166155,1.445571812682172,-1.445571812682172,0.0,flattop_hold_and_trim
6.24,flattop,8.691984330151291,0.9137934336,49.02012013568001,70.97987986432,0.5914989988693333,3.1839686603025825,0.7719843301512913,0.25975952990453877,1.8475952990453874,0.5675952990453873,1.75,0.35,-0.0024047009546126308,1.5439882476134685,-1.0544842873729314,1.7399605345685654,-1.18,1.2000394654314346,-1.1,7.91551711674368,6.38735615565824,4.91551711674368,10.419843301512913,12.0,8.582260811822373,-6.9989178845704245,1.449506682107068,-1.449506682107068,0.0,flattop_hold_and_trim
6.26,flattop,8.691836607492828,0.9116094464000001,49.03837416448001,70.96162583551998,0.5913468819626665,3.1836732149856566,0.7718366074928282,0.2597550982247849,1.8475509822478486,0.5675509822478484,1.75,0.35,-0.00244901775215155,1.543877455619621,-1.054331795275667,1.7399605345685654,-1.18,1.2000394654314346,-1.1,7.91507902005248,6.38677202673664,4.91507902005248,10.418366074928281,12.0,8.583776815604852,-6.998897942011532,1.449506682107068,-1.449506682107068,0.0,flattop_hold_and_trim
6.28,flattop,8.691694041008041,0.9094371327999999,49.05658463027201,70.94341536972799,0.5911951280810666,3.183388082016084,0.771694041008042,0.2597508212302413,1.8475082123024127,0.5675082123024126,1.75,0.35,-0.002491787697587438,1.5437705307560314,-1.0541765671236614,1.7396457450145737,-1.18,1.2003542549854263,-1.1,7.914641968873472,6.386189291831296,4.914641968873472,10.416940410080418,12.0,8.585239904154971,-6.998878695536086,1.4455718126821722,-1.4455718126821722,0.0,flattop_hold_and_trim
6.3,flattop,8.691556720744979,0.9072768,49.07475176960001,70.92524823039999,0.5910437352533332,3.18311344148996,0.7715567207449798,0.2597467016223494,1.847467016223494,0.5674670162234939,1.75,0.35,-0.0025329837765060443,1.543667540558735,-1.0540187009623425,1.739021130325903,-1.18,1.2009788696740968,-1.1,7.9142059575296,6.3856079433728,4.9142059575296,10.415567207449799,12.0,8.586649153354644,-6.998860157300572,1.4377641290737884,-1.4377641290737884,0.0,flattop_hold_and_trim
6.32,flattop,8.691424733438062,0.9051287552,49.092875825152014,70.90712417484798,0.5908927014570665,3.182849466876127,0.7714247334380635,0.2597427420031419,1.8474274200314191,0.567427420031419,1.75,0.35,-0.002572579968580958,1.5435685500785477,-1.0538582965033614,1.7380965410493203,-1.18,1.2019034589506796,-1.1,7.913770980196352,6.385027973595136,4.913770980196352,10.414247334380635,12.0,8.588003673091874,-6.998842339014138,1.4262067631165047,-1.4262067631165047,0.0,flattop_hold_and_trim
6.34,flattop,8.691298162453304,0.9029933056000001,49.11095704576001,70.88904295423998,0.5907420246186665,3.18259632490661,0.7712981624533047,0.25973894487359916,1.8473894487359914,0.5673894487359914,1.75,0.35,-0.0026105512640085767,1.5434736218399785,-1.0536954550616122,1.7368865585100404,-1.18,1.2031134414899596,-1.1,7.91333703090176,6.38444937453568,4.91333703090176,10.412981624533048,12.0,8.58930260782296,-6.998825251931196,1.411081981375504,-1.411081981375504,0.0,flattop_hold_and_trim
6.36,flattop,8.69117708773565,0.9008707584,49.12899568640001,70.8710043136,0.5905917026133333,3.182354175471301,0.7711770877356505,0.2597353126320695,1.8473531263206953,0.5673531263206951,1.75,0.35,-0.0026468736793048603,1.543382815801738,-1.05353027949124,1.7354102648555156,-1.18,1.204589735144484,-1.1,7.9129041035264,6.3838721380352,4.9129041035264,10.411770877356505,12.0,8.590545137112887,-6.998808906844313,1.3926283106939472,-1.3926283106939472,0.0,flattop_hold_and_trim
6.38,flattop,8.691061585758487,0.8987614208000001,49.14699200819201,70.853007991808,0.5904417332650667,3.182123171516975,0.7710615857584874,0.25973184757275464,1.8473184757275463,0.5673184757275461,1.75,0.35,-0.0026815242724537915,1.5432961893188655,-1.0533628741206753,1.7336909421185738,-1.18,1.2063090578814262,-1.1,7.912472191803392,6.383296255737856,4.912472191803392,10.410615857584874,12.0,8.591730476153522,-6.998793314077396,1.3711367764821722,-1.3711367764821722,0.0,flattop_hold_and_trim
6.4,flattop,8.690951729475339,0.8966656,49.16494627840001,70.83505372159999,0.5902921143466666,3.18190345895068,0.7709517294753399,0.2597285518842602,1.847285518842602,0.5672855188426019,1.75,0.35,-0.0027144811573980594,1.543213797106505,-1.053193344686738,1.7317557050458494,-1.18,1.2082442949541505,-1.1,7.9120412893184,6.3827217190912,4.9120412893184,10.409517294753398,12.0,8.592857876259325,-6.998778483479171,1.3469463130731176,-1.3469463130731176,0.0,flattop_hold_and_trim
6.42,flattop,8.69084758827379,0.8945836032000001,49.182858770432006,70.817141229568,0.5901428435797332,3.181695176547582,0.7708475882737909,0.2597254276482137,1.8472542764821374,0.5672542764821372,1.75,0.35,-0.0027457235178627525,1.543135691205343,-1.0530217982678525,1.7296350734820343,-1.18,1.2103649265179657,-1.1,7.911611389509632,6.382148519346176,4.911611389509632,10.408475882737909,12.0,8.593926625340222,-6.998764424416962,1.3204384185254292,-1.3204384185254292,0.0,flattop_hold_and_trim
6.44,flattop,8.690749227931654,0.8925157375999999,49.20072976384001,70.79927023616,0.5899939186346667,3.181498455863311,0.7707492279316555,0.2597224768379497,1.8472247683794967,0.5672247683794965,1.75,0.35,-0.0027752316205033743,1.5430619209487415,-1.0528483432164135,1.7273624910536935,-1.18,1.2126375089463064,-1.1,7.91118248566784,6.38157664755712,4.91118248566784,10.407492279316553,12.0,8.594936048351387,-6.998751145770774,1.292031138171169,-1.292031138171169,0.0,flattop_hold_and_trim
6.46,flattop,8.690656710575434,0.8904623104,49.21855954432001,70.78144045567998,0.5898453371306666,3.181313421150868,0.770656710575434,0.259719701317263,1.8471970131726303,0.5671970131726302,1.75,0.35,-0.0028029868273698366,1.5429925329315755,-1.0526730890903495,1.724973797743297,-1.18,1.2150262022567029,-1.1,7.91075457093632,6.38100609458176,4.91075457093632,10.40656710575434,12.0,8.59588550771961,-6.998738655927683,1.2621724717912135,-1.2621724717912135,0.0,flattop_hold_and_trim
6.48,flattop,8.690570094641071,0.8884236288,49.23634840371201,70.76365159628799,0.5896970966357332,3.181140189282143,0.7705700946410714,0.25971710283923216,1.8471710283923215,0.5671710283923214,1.75,0.35,-0.002828971607678594,1.5429275709808035,-1.0524961465839224,1.7225066646712859,-1.18,1.2174933353287138,-1.1,7.910327638310912,6.380436851081216,4.910327638310912,10.405700946410713,12.0,8.596774403746005,-6.998726962776544,1.2313333083910751,-1.2313333083910751,0.0,flattop_hold_and_trim
6.5,flattop,8.690489434837048,0.8864000000000001,49.25409664000001,70.74590336,0.5895491946666667,3.1809788696740973,0.7704894348370485,0.25971468304511147,1.8471468304511147,0.5671468304511145,1.75,0.35,-0.0028531695488854605,1.5428670761277863,-1.052317627457812,1.72,-1.18,1.22,-1.1,7.90990168064,6.37986890752,4.90990168064,10.404894348370485,12.0,8.59760217498479,-6.998716073703002,1.2000000000000002,-1.2000000000000002,0.0,flattop_hold_and_trim
6.52,flattop,8.690414782109826,0.8843917312,49.27180455731201,70.72819544268799,0.5894016286890665,3.1808295642196525,0.7704147821098263,0.2597124434632948,1.847124434632948,0.5671244346329478,1.75,0.35,-0.002875565367052127,1.5428110865823697,-1.0521376444685249,1.717493335328714,-1.18,1.2225066646712859,-1.1,7.909476690624512,6.379302254166016,4.909476690624512,10.404147821098263,12.0,8.598368298597908,-6.998705995584826,1.1686666916089252,-1.1686666916089252,0.0,flattop_hold_and_trim
6.54,flattop,8.690346183611666,0.8823991296,49.28947246592001,70.71052753408,0.5892543961173333,3.1806923672233345,0.7703461836116673,0.25971038550835,1.8471038550835002,0.5671038550835001,1.75,0.35,-0.0028961449164998216,1.5427596377087505,-1.0519563112971744,1.7150262022567029,-1.18,1.224973797743297,-1.1,7.90905266081792,6.37873688109056,4.90905266081792,10.403461836116673,12.0,8.599072290685264,-6.998696734787575,1.1378275282087869,-1.1378275282087869,0.0,flattop_hold_and_trim
6.56,flattop,8.690283682670852,0.8804225024000001,49.307100682240005,70.69289931776,0.5891074943146666,3.1805673653417066,0.7702836826708533,0.2597085104801256,1.847085104801256,0.567085104801256,1.75,0.35,-0.0029148951987440215,1.54271276200314,-1.051773742477678,1.7126375089463064,-1.18,1.2273624910536935,-1.1,7.90862958362624,6.37817277816832,4.90862958362624,10.402836826708533,12.0,8.599713706590368,-6.998688297160565,1.1079688618288313,-1.1079688618288313,0.0,flattop_hold_and_trim
6.58,flattop,8.690227318764318,0.8784621568,49.324689528832,70.67531047116799,0.5889609205930666,3.180454637528636,0.770227318764318,0.25970681956292957,1.8470681956292956,0.5670681956292953,1.75,0.35,-0.00293180437070458,1.5426704890732386,-1.0515900533244154,1.7103649265179657,-1.18,1.2296350734820343,-1.1,7.908207451308032,6.377609935077376,4.908207451308032,10.40227318764318,12.0,8.600292141181185,-6.998680688033183,1.0795615814745712,-1.0795615814745712,0.0,flattop_hold_and_trim
6.6,flattop,8.690177127492712,0.8765184,49.342239334400006,70.6577606656,0.5888146722133333,3.1803542549854265,0.7701771274927132,0.2597053138247814,1.847053138247814,0.5670531382478139,1.75,0.35,-0.0029468617521860654,1.5426328456195348,-1.051405359859393,1.7082442949541505,-1.18,1.2317557050458494,-1.1,7.9077862559744,6.3770483412992,4.9077862559744,10.401771274927132,12.0,8.600807229106032,-6.998673912211516,1.0530536869268825,-1.0530536869268825,0.0,flattop_hold_and_trim
6.62,flattop,8.69013314055792,0.8745915392000001,49.35975043379201,70.64024956620798,0.5886687463850665,3.1802662811158426,0.7701331405579214,0.2597039942167376,1.8470399421673764,0.5670399421673763,1.75,0.35,-0.002960057832623604,1.542599855418441,-1.0512197787389617,1.7063090578814262,-1.18,1.2336909421185738,-1.1,7.907365989588992,6.376487986118656,4.907365989588992,10.401331405579214,12.0,8.601258645024332,-6.998667973975319,1.028863223517828,-1.028863223517828,0.0,flattop_hold_and_trim
6.64,flattop,8.690095385743033,0.8726818815999999,49.37722316800001,70.622776832,0.5885231402666666,3.180190771486067,0.7700953857430335,0.259702861572291,1.84702861572291,0.56702861572291,1.75,0.35,-0.0029713842770899535,1.5425715393072752,-1.051033427180135,1.7045897351444843,-1.18,1.2354102648555156,-1.1,7.906946643968,6.375928858624,4.906946643968,10.400953857430334,12.0,8.60164610381212,-6.99866287707531,1.0073716893060531,-1.0073716893060531,0.0,flattop_hold_and_trim
6.66,flattop,8.6900638868948,0.8707897344,49.39465788416001,70.60534211583999,0.5883778509653332,3.1801277737896,0.7700638868948,0.259701916606844,1.84701916606844,0.5670191660684399,1.75,0.35,-0.0029808339315600253,1.5425479151711,-1.050846422886551,1.7031134414899596,-1.18,1.2368865585100404,-1.1,7.90652821078016,6.37537094770688,4.90652821078016,10.400638868947999,12.0,8.601969360742116,-6.998658624730798,0.9889180186244961,-0.9889180186244961,0.0,flattop_hold_and_trim
6.68,flattop,8.690038663908567,0.8689154048000001,49.412054935552014,70.58794506444798,0.5882328755370665,3.180077327817137,0.7700386639085683,0.25970115991725706,1.8470115991725706,0.5670115991725704,1.75,0.35,-0.0029884008274295173,1.5425289979314263,-1.0506588839741307,1.7019034589506796,-1.18,1.2380965410493203,-1.1,7.906110681546752,6.374814242062336,4.906110681546752,10.400386639085683,12.0,8.602228211638318,-6.998655219627657,0.9737932368834955,-0.9737932368834955,0.0,flattop_hold_and_trim
6.7,flattop,8.690019732715717,0.8670592,49.429414681600015,70.57058531839999,0.5880882109866666,3.1800394654314346,0.7700197327157173,0.25970059198147155,1.8470059198147153,0.5670059198147152,1.75,0.35,-0.002994080185284815,1.542514799536788,-1.05047092889647,1.7009788696740968,-1.18,1.239021130325903,-1.1,7.9056940476416,6.3742587301888,4.9056940476416,10.400197327157173,12.0,8.602422493004951,-6.998652663916622,0.9622358709262117,-0.9622358709262117,0.0,flattop_hold_and_trim
6.72,flattop,8.690007105273594,0.8652214272000001,49.446737487872014,70.55326251212799,0.5879438542677332,3.1800142105471885,0.7700071052735942,0.25970021315820785,1.8470021315820784,0.5670021315820781,1.75,0.35,-0.002997868417921768,1.5425053289551955,-1.0502826763700246,1.7003542549854263,-1.18,1.2396457450145737,-1.1,7.905278300291072,6.373704400388096,4.905278300291072,10.40007105273594,12.0,8.60255208212974,-6.998650959211935,0.9544281873178279,-0.9544281873178279,0.0,flattop_hold_and_trim
6.74,flattop,8.690000789557962,0.8634023936,49.464023726080015,70.53597627391999,0.5877998022826666,3.180001579115924,0.7700007895579619,0.2597000236867389,1.8470002368673886,0.5670002368673885,1.75,0.35,-0.002999763132611448,1.5425005921684714,-1.050094245299125,1.7000394654314346,-1.18,1.2399605345685654,-1.1,7.90486343057408,6.37315124076544,4.90486343057408,10.400007895579618,12.0,8.602616897161417,-6.998650106590325,0.950493317892932,-0.950493317892932,0.0,flattop_hold_and_trim
6.76,flattop,8.690000789557962,0.8616024064000001,49.481273774080016,70.51872622591998,0.5876560518826665,3.180001579115924,0.7700007895579619,0.2597000236867389,1.8470002368673886,0.5670002368673885,1.75,0.35,-0.002999763132611448,1.5425005921684714,-1.049905754700875,1.7000394654314346,-1.18,1.2399605345685654,-1.1,7.90444942942208,6.37259923922944,4.90444942942208,10.400007895579618,12.0,8.602616897161417,-6.998650106590325,0.950493317892932,-0.950493317892932,0.0,flattop_hold_and_trim
6.78,flattop,8.690007105273594,0.8598217727999999,49.49848801587201,70.50151198412799,0.5875125998677332,3.1800142105471885,0.7700071052735942,0.25970021315820785,1.8470021315820784,0.5670021315820781,1.75,0.35,-0.002997868417921768,1.5425053289551955,-1.0497173236299755,1.7003542549854263,-1.18,1.2396457450145737,-1.1,7.904036287619072,6.372048383492096,4.904036287619072,10.40007105273594,12.0,8.60255208212974,-6.998650959211935,0.9544281873178277,-0.9544281873178277,0.0,flattop_hold_and_trim
6.8,flattop,8.690019732715717,0.8580608000000001,49.515666841600016,70.48433315839998,0.5873694429866665,3.1800394654314346,0.7700197327157173,0.25970059198147155,1.8470059198147153,0.5670059198147152,1.75,0.35,-0.002994080185284815,1.542514799536788,-1.04952907110353,1.7009788696740968,-1.18,1.239021130325903,-1.1,7.9036239958016,6.3714986610688005,4.9036239958016,10.400197327157173,12.0,8.602422493004951,-6.998652663916622,0.9622358709262115,-0.9622358709262115,0.0,flattop_hold_and_trim
6.82,flattop,8.690038663908567,0.8563197952,49.53281064755202,70.46718935244797,0.5872265779370665,3.180077327817137,0.7700386639085683,0.25970115991725706,1.8470115991725706,0.5670115991725704,1.75,0.35,-0.0029884008274295173,1.5425289979314263,-1.0493411160258694,1.7019034589506796,-1.18,1.2380965410493203,-1.1,7.903212544458752,6.370950059278336,4.903212544458752,10.400386639085683,12.0,8.602228211638318,-6.998655219627657,0.9737932368834953,-0.9737932368834953,0.0,flattop_hold_and_trim
6.84,flattop,8.6900638868948,0.8545990656,49.549919836160015,70.45008016383998,0.5870840013653332,3.1801277737896,0.7700638868948,0.259701916606844,1.84701916606844,0.5670191660684399,1.75,0.35,-0.0029808339315600253,1.5425479151711,-1.049153577113449,1.7031134414899596,-1.18,1.2368865585100404,-1.1,7.90280192393216,6.37040256524288,4.90280192393216,10.400638868947999,12.0,8.601969360742116,-6.998658624730798,0.9889180186244959,-0.9889180186244959,0.0,flattop_hold_and_trim
6.86,flattop,8.690095385743033,0.8528989184,49.56699481600002,70.43300518399998,0.5869417098666665,3.180190771486067,0.7700953857430335,0.259702861572291,1.84702861572291,0.56702861572291,1.75,0.35,-0.0029713842770899535,1.5425715393072752,-1.0489665728198652,1.704589735144484,-1.18,1.2354102648555159,-1.1,7.902392124416,6.369856165888,4.902392124416,10.400953857430334,12.0,8.60164610381212,-6.99866287707531,1.0073716893060527,-1.0073716893060527,0.0,flattop_hold_and_trim
6.88,flattop,8.69013314055792,0.8512196608,49.58403600179202,70.41596399820799,0.5867996999850665,3.1802662811158426,0.7701331405579214,0.2597039942167376,1.8470399421673764,0.5670399421673763,1.75,0.35,-0.002960057832623604,1.542599855418441,-1.0487802212610384,1.7063090578814262,-1.18,1.2336909421185738,-1.1,7.901983135956992,6.369310847942656,4.901983135956992,10.401331405579214,12.0,8.601258645024332,-6.998667973975319,1.0288632235178277,-1.0288632235178277,0.0,flattop_hold_and_trim
6.9,flattop,8.690177127492712,0.8495615999999999,49.60104381440002,70.39895618559999,0.5866579682133332,3.1803542549854265,0.7701771274927132,0.2597053138247814,1.847053138247814,0.5670531382478139,1.75,0.35,-0.002946861752186066,1.5426328456195348,-1.0485946401406072,1.7082442949541505,-1.18,1.2317557050458494,-1.1,7.9015749484544004,6.3687665979392,4.9015749484544004,10.401771274927132,12.0,8.600807229106032,-6.998673912211516,1.0530536869268823,-1.0530536869268823,0.0,flattop_hold_and_trim
6.92,flattop,8.690227318764318,0.8479250432000001,49.61801868083202,70.38198131916798,0.5865165109930665,3.180454637528636,0.770227318764318,0.25970681956292957,1.8470681956292956,0.5670681956292953,1.75,0.35,-0.0029318043707045804,1.5426704890732386,-1.0484099466755847,1.7103649265179657,-1.18,1.2296350734820343,-1.1,7.901167551660032,6.368223402213376,4.901167551660032,10.40227318764318,12.0,8.600292141181185,-6.998680688033183,1.0795615814745707,-1.0795615814745707,0.0,flattop_hold_and_trim
6.94,flattop,8.690283682670852,0.8463102976000001,49.63496103424002,70.36503896575998,0.5863753247146665,3.1805673653417066,0.7702836826708532,0.2597085104801256,1.847085104801256,0.567085104801256,1.75,0.35,-0.002914895198744022,1.54271276200314,-1.048226257522322,1.7126375089463064,-1.18,1.2273624910536935,-1.1,7.90076093517824,6.36768124690432,4.90076093517824,10.402836826708533,12.0,8.599713706590368,-6.998688297160565,1.1079688618288308,-1.1079688618288308,0.0,flattop_hold_and_trim
6.96,flattop,8.690346183611666,0.8447176704,49.65187131392002,70.34812868607997,0.5862344057173331,3.1806923672233345,0.7703461836116673,0.25971038550835,1.8471038550835002,0.5671038550835001,1.75,0.35,-0.0028961449164998216,1.5427596377087505,-1.0480436887028257,1.7150262022567029,-1.18,1.224973797743297,-1.1,7.90035508846592,6.36714011795456,4.90035508846592,10.403461836116673,12.0,8.599072290685264,-6.998696734787575,1.1378275282087864,-1.1378275282087864,0.0,flattop_hold_and_trim
6.98,flattop,8.690414782109826,0.8431474688,49.66874996531202,70.33125003468798,0.5860937502890665,3.1808295642196525,0.7704147821098263,0.2597124434632948,1.847124434632948,0.5671244346329478,1.75,0.35,-0.002875565367052127,1.5428110865823697,-1.0478623555314752,1.7174933353287138,-1.18,1.222506664671286,-1.1,7.899950000832512,6.366600001110016,4.899950000832512,10.404147821098263,12.0,8.598368298597908,-6.998705995584826,1.1686666916089248,-1.1686666916089248,0.0,flattop_hold_and_trim
7.0,flattop,8.690489434837048,0.8415999999999999,49.685597440000016,70.31440255999999,0.5859533546666665,3.1809788696740973,0.7704894348370485,0.25971468304511147,1.8471468304511147,0.5671468304511145,1.75,0.35,-0.002853169548885461,1.5428670761277863,-1.047682372542188,1.72,-1.18,1.22,-1.1,7.89954566144,6.36606088192,4.89954566144,10.404894348370485,12.0,8.59760217498479,-6.998716073703002,1.1999999999999997,-1.1999999999999997,0.0,flattop_hold_and_trim
7.02,flattop,8.690570094641071,0.8400755712000001,49.70241419571202,70.29758580428799,0.5858132150357332,3.181140189282143,0.7705700946410714,0.25971710283923216,1.8471710283923215,0.5671710283923214,1.75,0.35,-0.002828971607678594,1.5429275709808035,-1.0475038534160777,1.7225066646712859,-1.18,1.217493335328714,-1.1,7.899142059302912,6.365522745737216,4.899142059302912,10.405700946410713,12.0,8.596774403746005,-6.998726962776544,1.2313333083910747,-1.2313333083910747,0.0,flattop_hold_and_trim
7.04,flattop,8.690656710575434,0.8385744896,49.719200696320016,70.28079930367998,0.5856733275306666,3.181313421150868,0.770656710575434,0.259719701317263,1.8471970131726303,0.5671970131726302,1.75,0.35,-0.0028029868273698366,1.5429925329315755,-1.0473269109096506,1.724973797743297,-1.18,1.2150262022567029,-1.1,7.8987391832883205,6.36498557771776,4.8987391832883205,10.40656710575434,12.0,8.59588550771961,-6.998738655927683,1.262172471791213,-1.262172471791213,0.0,flattop_hold_and_trim
7.06,flattop,8.690749227931654,0.8370970624,49.73595741184001,70.26404258815998,0.5855336882346666,3.181498455863311,0.7707492279316555,0.2597224768379497,1.8472247683794967,0.5672247683794965,1.75,0.35,-0.0027752316205033748,1.5430619209487415,-1.0471516567835866,1.7273624910536935,-1.18,1.2126375089463064,-1.1,7.89833702211584,6.36444936282112,4.89833702211584,10.407492279316553,12.0,8.594936048351387,-6.998751145770774,1.2920311381711687,-1.2920311381711687,0.0,flattop_hold_and_trim
7.08,flattop,8.69084758827379,0.8356435968,49.75268481843201,70.24731518156798,0.5853942931797332,3.181695176547582,0.7708475882737909,0.2597254276482137,1.8472542764821374,0.5672542764821372,1.75,0.35,-0.002745723517862753,1.543135691205343,-1.0469782017321476,1.7296350734820343,-1.18,1.2103649265179657,-1.1,7.897935564357632,6.363914085810176,4.897935564357632,10.408475882737909,12.0,8.593926625340222,-6.998764424416962,1.3204384185254288,-1.3204384185254288,0.0,flattop_hold_and_trim
7.1,flattop,8.690951729475339,0.8342144,49.76938339840001,70.23061660159999,0.5852551383466665,3.18190345895068,0.7709517294753399,0.2597285518842602,1.847285518842602,0.5672855188426019,1.75,0.35,-0.00271448115739806,1.543213797106505,-1.046806655313262,1.7317557050458494,-1.18,1.2082442949541505,-1.1,7.8975347984384,6.3633797312512,4.8975347984384,10.409517294753398,12.0,8.592857876259325,-6.998778483479171,1.3469463130731174,-1.3469463130731172,0.0,flattop_hold_and_trim
7.12,flattop,8.691061585758487,0.8328097792,49.78605364019201,70.21394635980799,0.5851162196650666,3.182123171516975,0.7710615857584874,0.25973184757275464,1.8473184757275463,0.5673184757275461,1.75,0.35,-0.0026815242724537924,1.5432961893188655,-1.0466371258793248,1.7336909421185738,-1.18,1.2063090578814262,-1.1,7.897134712635392,6.362846283513856,4.897134712635392,10.410615857584874,12.0,8.591730476153522,-6.998793314077396,1.3711367764821718,-1.3711367764821718,0.0,flattop_hold_and_trim
7.14,flattop,8.69117708773565,0.8314300416,49.80269603840001,70.1973039616,0.5849775330133333,3.182354175471301,0.7711770877356505,0.2597353126320695,1.8473531263206953,0.5673531263206951,1.75,0.35,-0.0026468736793048607,1.543382815801738,-1.04646972050876,1.7354102648555156,-1.18,1.2045897351444843,-1.1,7.8967352950784,6.3623137267712,4.8967352950784,10.411770877356505,12.0,8.590545137112887,-6.998808906844313,1.3926283106939468,-1.3926283106939468,0.0,flattop_hold_and_trim
7.16,flattop,8.691298162453304,0.8300754944,49.81931109376001,70.18068890624,0.5848390742186667,3.18259632490661,0.7712981624533047,0.25973894487359916,1.8473894487359914,0.5673894487359914,1.75,0.35,-0.0026105512640085776,1.5434736218399785,-1.0463045449383879,1.7368865585100404,-1.18,1.2031134414899596,-1.1,7.89633653374976,6.36178204499968,4.89633653374976,10.412981624533048,12.0,8.58930260782296,-6.998825251931196,1.4110819813755038,-1.4110819813755038,0.0,flattop_hold_and_trim
7.18,flattop,8.691424733438062,0.8287464448,49.835899313152005,70.164100686848,0.5847008390570667,3.182849466876127,0.7714247334380635,0.2597427420031419,1.8474274200314191,0.567427420031419,1.75,0.35,-0.0025725799685809582,1.5435685500785477,-1.0461417034966387,1.7380965410493203,-1.18,1.2019034589506796,-1.1,7.895938416484352,6.361251221979136,4.895938416484352,10.414247334380635,12.0,8.588003673091874,-6.998842339014138,1.4262067631165045,-1.4262067631165043,0.0,flattop_hold_and_trim
7.2,flattop,8.691556720744979,0.8274432,49.85246120960001,70.14753879039999,0.5845628232533333,3.18311344148996,0.7715567207449798,0.2597467016223494,1.847467016223494,0.5674670162234939,1.75,0.35,-0.0025329837765060447,1.543667540558735,-1.0459812990376576,1.739021130325903,-1.18,1.2009788696740968,-1.1,7.8955409309696005,6.3607212412928,4.8955409309696005,10.415567207449799,12.0,8.586649153354644,-6.998860157300572,1.4377641290737884,-1.4377641290737881,0.0,flattop_hold_and_trim
7.22,flattop,8.691694041008041,0.8261660672,49.86899730227201,70.131002697728,0.5844250224810666,3.183388082016084,0.771694041008042,0.2597508212302413,1.8475082123024127,0.5675082123024126,1.75,0.35,-0.002491787697587439,1.5437705307560314,-1.0458234328763387,1.7396457450145737,-1.18,1.2003542549854263,-1.1,7.895144064745472,6.360192086327296,4.895144064745472,10.416940410080418,12.0,8.585239904154971,-6.998878695536086,1.445571812682172,-1.445571812682172,0.0,flattop_hold_and_trim
7.24,flattop,8.691836607492828,0.8249153536,49.885508116480004,70.11449188352,0.5842874323626667,3.1836732149856566,0.7718366074928282,0.2597550982247849,1.8475509822478486,0.5675509822478484,1.75,0.35,-0.002449017752151551,1.543877455619621,-1.045668204724333,1.7399605345685654,-1.18,1.2000394654314346,-1.1,7.89474780520448,6.35966374027264,4.89474780520448,10.418366074928281,12.0,8.583776815604852,-6.998897942011532,1.449506682107068,-1.449506682107068,0.0,flattop_hold_and_trim
7.26,flattop,8.691984330151291,0.8236913664000001,49.90199418368,70.09800581632,0.5841500484693333,3.1839686603025825,0.7719843301512913,0.25975952990453877,1.8475952990453874,0.5675952990453873,1.75,0.35,-0.0024047009546126316,1.5439882476134685,-1.0455157126270687,1.7399605345685654,-1.18,1.2000394654314346,-1.1,7.89435213959168,6.35913618612224,4.89435213959168,10.419843301512913,12.0,8.582260811822373,-6.9989178845704245,1.449506682107068,-1.449506682107068,0.0,flattop_hold_and_trim
7.28,flattop,8.692137115678634,0.8224944128,49.918456041472005,70.08154395852799,0.5840128663210665,3.184274231357268,0.7721371156786339,0.25976411347035905,1.8476411347035901,0.5676411347035901,1.75,0.35,-0.0023588652964098566,1.5441028367589753,-1.0453660529018225,1.7396457450145737,-1.18,1.2003542549854263,-1.1,7.893957055004672,6.358609406672896,4.893957055004672,10.421371156786337,12.0,8.58069285034802,-6.9989385106166155,1.4455718126821722,-1.4455718126821722,0.0,flattop_hold_and_trim
7.3,flattop,8.692294867572242,0.8213248000000001,49.934894233600005,70.0651057664,0.5838758813866666,3.1845897351444843,0.7722948675722421,0.25976884602716727,1.8476884602716728,0.5676884602716726,1.75,0.35,-0.002311539728327369,1.5442211506791816,-1.045219320076885,1.739021130325903,-1.18,1.2009788696740968,-1.1,7.8935625383936,6.3580833845248,4.8935625383936,10.422948675722422,12.0,8.579073921539864,-6.998959807122253,1.4377641290737884,-1.4377641290737884,0.0,flattop_hold_and_trim
7.32,flattop,8.69245748619264,0.8201828352,49.951309309952,70.048690690048,0.5837390890837334,3.184914972385278,0.772457486192639,0.2597737245857792,1.8477372458577919,0.5677372458577916,1.75,0.35,-0.0022627541422083103,1.5443431146444793,-1.045075606831853,1.7380965410493203,-1.18,1.2019034589506796,-1.1,7.893168576561152,6.357558102081536,4.893168576561152,10.42457486192639,12.0,8.577405047948043,-6.998981760636006,1.4262067631165047,-1.4262067631165047,0.0,flattop_hold_and_trim
7.34,flattop,8.692624868826417,0.8190688256,49.96770182656,70.03229817344,0.5836024847786666,3.185249737652837,0.7726248688264182,0.25977874606479257,1.8477874606479257,0.5677874606479254,1.75,0.35,-0.0022125393520745222,1.5444686516198138,-1.0449350039390923,1.7368865585100404,-1.18,1.2031134414899596,-1.1,7.89277515616256,6.35703354155008,4.89277515616256,10.426248688264183,12.0,8.575687283668882,-6.999004357291566,1.411081981375504,-1.411081981375504,0.0,flattop_hold_and_trim
7.36,flattop,8.69279690975112,0.8179830784000001,49.984072345600005,70.0159276544,0.5834660637866667,3.185593819502242,0.7727969097511209,0.25978390729253364,1.8478390729253364,0.5678390729253362,1.75,0.35,-0.0021609270746637205,1.5445976823133407,-1.044797600206404,1.7354102648555159,-1.18,1.204589735144484,-1.1,7.8923822637056,6.3565096849408,4.8923822637056,10.427969097511209,12.0,8.573921713679121,-6.999027582816401,1.3926283106939472,-1.3926283106939472,0.0,flattop_hold_and_trim
7.38,flattop,8.692973500302012,0.8169259008,50.000421435392006,69.99957856460799,0.5833298213717332,3.185947000604023,0.7729735003020115,0.25978920500906033,1.8478920500906035,0.5678920500906034,1.75,0.35,-0.002107949909396547,1.5447301252265087,-1.0446634824209304,1.7336909421185738,-1.18,1.2063090578814262,-1.1,7.891989885550592,6.355986514067456,4.891989885550592,10.429735003020115,12.0,8.572109453150608,-6.999051422540772,1.3711367764821722,-1.3711367764821722,0.0,flattop_hold_and_trim
7.4,flattop,8.693154528940713,0.8158976,50.01674967040001,69.9832503296,0.5831937527466666,3.1863090578814264,0.7731545289407131,0.2597946358682214,1.847946358682214,0.5679463586822139,1.75,0.35,-0.002053641317786065,1.5448658967055349,-1.0445327352943394,1.7317557050458494,-1.18,1.2082442949541505,-1.1,7.8915980079104004,6.3554640105472,4.8915980079104004,10.431545289407131,12.0,8.570251646745932,-6.999075861406996,1.3469463130731176,-1.3469463130731179,0.0,flattop_hold_and_trim
7.42,flattop,8.693339881325656,0.8148984832,50.03305763123201,69.96694236876799,0.5830578530730666,3.1866797626513153,0.7733398813256576,0.25980019643976976,1.8480019643976973,0.5680019643976972,1.75,0.35,-0.0019980356023027554,1.5450049109942432,-1.0444054414093187,1.7296350734820343,-1.18,1.2103649265179657,-1.1,7.8912066168504325,6.354942155800576,4.8912066168504325,10.433398813256575,12.0,8.56834946789544,-6.999100883978964,1.3204384185254292,-1.3204384185254292,0.0,flattop_hold_and_trim
7.44,flattop,8.693529440384305,0.8139288576,50.04934590464001,69.95065409536,0.5829221174613333,3.1870588807686113,0.7735294403843056,0.2598058832115292,1.8480588321152918,0.5680588321152916,1.75,0.35,-0.001941167884708333,1.5451470802882292,-1.0442816811674143,1.7273624910536935,-1.18,1.2126375089463064,-1.1,7.89081569828864,6.35442093105152,4.89081569828864,10.435294403843056,12.0,8.566404118056065,-6.999126474451881,1.292031138171169,-1.2920311381711693,0.0,flattop_hold_and_trim
7.46,flattop,8.693723086387092,0.8129890304,50.065615083520015,69.93438491647998,0.5827865409706665,3.187446172774186,0.773723086387093,0.2598116925916128,1.848116925916128,0.5681169259161278,1.75,0.35,-0.0018830740838721009,1.5452923147903197,-1.0441615327382474,1.724973797743297,-1.18,1.2150262022567029,-1.1,7.89042523799552,6.35390031732736,4.89042523799552,10.43723086387093,12.0,8.564416825952458,-6.999152616662258,1.2621724717912135,-1.2621724717912135,0.0,flattop_hold_and_trim
7.48,flattop,8.693920697023053,0.8120793088,50.08186576691202,69.91813423308798,0.5826511186090665,3.187841394046108,0.773920697023054,0.2598176209106916,1.8481762091069163,0.5681762091069161,1.75,0.35,-0.0018237908930838153,1.5454405227672905,-1.0440450720101413,1.722506664671286,-1.18,1.2174933353287138,-1.1,7.890035221594112,6.353380295458816,4.890035221594112,10.43920697023054,12.0,8.562388846800909,-6.999179294098112,1.2313333083910751,-1.2313333083910754,0.0,flattop_hold_and_trim
7.5,flattop,8.694122147477074,0.8112,50.09809856000002,69.90190143999999,0.5825158453333332,3.1882442949541505,0.7741221474770753,0.25982366442431226,1.8482366442431226,0.5682366442431225,1.75,0.35,-0.0017633557568774202,1.5455916106078065,-1.0439323725421878,1.72,-1.18,1.22,-1.1,7.88964563456,6.3528608460800005,4.88964563456,10.441221474770753,12.0,8.560321461516514,-6.9992064899094055,1.2000000000000002,-1.2000000000000002,0.0,flattop_hold_and_trim
7.52,flattop,8.694327310508731,0.8103514112000001,50.114314074112016,69.88568592588798,0.5823807160490665,3.188654621017465,0.7743273105087325,0.259829819315262,1.84829819315262,0.5682981931526196,1.75,0.35,-0.0017018068473802716,1.5457454828815493,-1.043823505517787,1.717493335328714,-1.18,1.2225066646712859,-1.1,7.889256462221312,6.352341949628416,4.889256462221312,10.443273105087325,12.0,8.558215975904133,-6.999234186918679,1.1686666916089252,-1.1686666916089252,0.0,flattop_hold_and_trim
7.54,flattop,8.694536056532657,0.8095338496,50.130512926720016,69.86948707327998,0.5822457256106666,3.189072113065315,0.7745360565326573,0.2598360816959797,1.8483608169597974,0.5683608169597971,1.75,0.35,-0.001639183040202809,1.545902042399493,-1.043718539699684,1.7150262022567029,-1.18,1.224973797743297,-1.1,7.88886768975872,6.35182358634496,4.88886768975872,10.445360565326572,12.0,8.556073719833606,-6.999262367631909,1.1378275282087869,-1.1378275282087869,0.0,flattop_hold_and_trim
7.56,flattop,8.694748253700386,0.8087476224000001,50.14669574144001,69.85330425855999,0.5821108688213332,3.1894965074007744,0.774748253700387,0.2598424476110116,1.8484244761101163,0.568424476110116,1.75,0.35,-0.0015755238898838883,1.5460611902752903,-1.0436175413865398,1.7126375089463064,-1.18,1.2273624910536935,-1.1,7.8884793022054405,6.35130573627392,4.8884793022054405,10.44748253700387,12.0,8.553896046399778,-6.999291014249552,1.1079688618288313,-1.1079688618288313,0.0,flattop_hold_and_trim
7.58,flattop,8.694963767983642,0.8079930368000001,50.16286314803202,69.83713685196798,0.5819761404330666,3.189927535967285,0.7749637679836424,0.2598489130395093,1.8484891303950928,0.5684891303950926,1.75,0.35,-0.001510869604907283,1.5462228259877318,-1.0435205743710538,1.7103649265179657,-1.18,1.2296350734820343,-1.1,7.888091284447232,6.350788379262976,4.888091284447232,10.449637679836425,12.0,8.55168433106787,-6.999320108677792,1.0795615814745712,-1.0795615814745712,0.0,flattop_hold_and_trim
7.6,flattop,8.695182463258982,0.8072704,50.179015782400015,69.82098421759999,0.5818415351466666,3.1903649265179657,0.7751824632589829,0.2598554738977695,1.8485547389776948,0.5685547389776948,1.75,0.35,-0.0014452610223051484,1.5463868474442373,-1.043427699899671,1.7082442949541505,-1.18,1.2317557050458494,-1.1,7.8877036212224,6.3502714949632,4.8877036212224,10.451824632589828,12.0,8.54943997080469,-6.999349632539962,1.0530536869268827,-1.0530536869268827,0.0,flattop_hold_and_trim
7.62,flattop,8.695404201393785,0.8065800192,50.195154286592015,69.80484571340799,0.5817070476117332,3.1908084027875705,0.7754042013937852,0.2598621260418136,1.8486212604181356,0.5686212604181354,1.75,0.35,-0.0013787395818644654,1.546553151045339,-1.0433389766338985,1.7063090578814262,-1.18,1.2336909421185738,-1.1,7.887316297121792,6.349755062829056,4.887316297121792,10.454042013937851,12.0,8.54716438319628,-6.999379567188161,1.028863223517828,-1.0288632235178274,0.0,flattop_hold_and_trim
7.64,flattop,8.69562884233349,0.8059222016,50.211279308800016,69.78872069119998,0.5815726724266665,3.1912576846669816,0.7756288423334907,0.25986886527000475,1.8486886527000472,0.5686886527000472,1.75,0.35,-0.0013113472999528003,1.546721631750118,-1.0432544606132523,1.7045897351444843,-1.18,1.2354102648555156,-1.1,7.8869292965888,6.3492390621184,4.8869292965888,10.456288423334907,12.0,8.544859005552551,-6.999409893715021,1.0073716893060531,-1.0073716893060536,0.0,flattop_hold_and_trim
7.66,flattop,8.695856244190066,0.8052972544000001,50.22739150336002,69.77260849663998,0.5814384041386664,3.1917124883801344,0.7758562441900672,0.25987568732570204,1.8487568732570203,0.5687568732570201,1.75,0.35,-0.0012431267429798532,1.5468921831425504,-1.0431742052198625,1.7031134414899596,-1.18,1.2368865585100404,-1.1,7.88654260391936,6.34872347189248,4.88654260391936,10.458562441900671,12.0,8.542525293999436,-6.99944059296566,0.9889180186244961,-0.9889180186244961,0.0,flattop_hold_and_trim
7.68,flattop,8.696086263331628,0.8047054848,50.24349153075202,69.75650846924799,0.5813042372437333,3.192172526663256,0.776086263331628,0.25988258789994884,1.8488258789994885,0.5688258789994883,1.75,0.35,-0.00117412100051161,1.547064697498721,-1.0430982611447561,1.7019034589506796,-1.18,1.2380965410493203,-1.1,7.886156203261952,6.348208271015936,4.886156203261952,10.46086263331628,12.0,8.540164722559167,-6.99947164554977,0.9737932368834955,-0.9737932368834958,0.0,flattop_hold_and_trim
7.7,flattop,8.696318754473152,0.8041472000000001,50.25958005760002,69.74041994239998,0.5811701661866665,3.192637508946307,0.7763187544731532,0.2598895626341946,1.848895626341946,0.5688956263419459,1.75,0.35,-0.0011043736580540336,1.547239065854865,-1.0430266763558382,1.7009788696740968,-1.18,1.239021130325903,-1.1,7.8857700786176,6.3476934381568,4.8857700786176,10.463187544731532,12.0,8.537778782219265,-6.999503031853876,0.9622358709262117,-0.9622358709262117,0.0,flattop_hold_and_trim
7.72,flattop,8.696553570768254,0.8036227072000001,50.27565775667202,69.72434224332798,0.5810361853610665,3.19310714153651,0.7765535707682548,0.25989660712304763,1.8489660712304765,0.5689660712304764,1.75,0.35,-0.0010339287695235527,1.5474151780761911,-1.042959496067596,1.7003542549854263,-1.18,1.2396457450145737,-1.1,7.885384213839872,6.347178951786496,4.885384213839872,10.465535707682548,12.0,8.535368979990785,-6.999534732053714,0.9544281873178279,-0.9544281873178279,0.0,flattop_hold_and_trim
7.74,flattop,8.696790563901928,0.8031323136,50.29172530688002,69.70827469311999,0.5809022891093333,3.193581127803856,0.7767905639019279,0.2599037169170578,1.8490371691705785,0.5690371691705783,1.75,0.35,-0.000962830829421627,1.547592922926446,-1.0428967627125394,1.7000394654314346,-1.18,1.2399605345685654,-1.1,7.88499859263488,6.34666479017984,4.88499859263488,10.467905639019278,12.0,8.532936837956466,-6.99956672612676,0.950493317892932,-0.9504933178929321,0.0,flattop_hold_and_trim
7.76,flattop,8.697029584184229,0.8026763264000001,50.30778339328002,69.69221660671998,0.5807684717226665,3.1940591683684594,0.7770295841842296,0.2599108875255269,1.849108875255269,0.5691088752552689,1.75,0.35,-0.0008911247447311076,1.5477721881381723,-1.0428385159144002,1.7000394654314346,-1.18,1.2399605345685654,-1.1,7.88461319856128,6.34615093141504,4.88461319856128,10.470295841842296,12.0,8.530483892309345,-6.999598993864871,0.950493317892932,-0.950493317892932,0.0,flattop_hold_and_trim
7.78,flattop,8.697270480644827,0.8022550528,50.32383270707202,69.67616729292797,0.5806347274410665,3.1945409612896536,0.7772704806448267,0.2599181144193448,1.849181144193448,0.569181144193448,1.75,0.35,-0.0008188558065519755,1.5479528604836201,-1.0427847924631044,1.7003542549854263,-1.18,1.2396457450145737,-1.1,7.884228015030272,6.345637353373696,4.884228015030272,10.472704806448267,12.0,8.528011692382467,-6.999631514887051,0.9544281873178277,-0.9544281873178275,0.0,flattop_hold_and_trim
7.8,flattop,8.69751310112835,0.8018688,50.33987394560002,69.66012605439998,0.5805010504533332,3.195026202256703,0.7775131011283515,0.25992539303385054,1.8492539303385056,0.5692539303385054,1.75,0.35,-0.0007460696614945661,1.5481348258462637,-1.0427356262915353,1.7009788696740968,-1.18,1.239021130325903,-1.1,7.8838430253056,6.3451240337408,4.8838430253056,10.475131011283514,12.0,8.525521799670294,-6.999664268652327,0.9622358709262114,-0.9622358709262118,0.0,flattop_hold_and_trim
7.82,flattop,8.697757292390506,0.8015178752000001,50.35590781235202,69.64409218764797,0.5803674348970664,3.1955145847810127,0.7777572923905062,0.2599327187717152,1.849327187717152,0.5693271877171519,1.75,0.35,-0.0006728122828481421,1.5483179692928797,-1.0426910484541008,1.7019034589506796,-1.18,1.2380965410493203,-1.1,7.883458212503552,6.344610950004736,4.883458212503552,10.477572923905061,12.0,8.52301578684243,-6.999697234472718,0.9737932368834953,-0.9737932368834952,0.0,flattop_hold_and_trim
7.84,flattop,8.698002900194854,0.8012025856,50.37193501696002,69.62806498303998,0.5802338748586665,3.196005800389712,0.778002900194856,0.2599400870058457,1.8494008700584568,0.5694008700584567,1.75,0.35,-0.0005991299415432215,1.548502175146142,-1.0426510871071182,1.7031134414899596,-1.18,1.2368865585100404,-1.1,7.88307355959296,6.34409807945728,4.88307355959296,10.480029001948559,12.0,8.52049523675029,-6.999730391526305,0.9889180186244958,-0.9889180186244964,0.0,flattop_hold_and_trim
7.86,flattop,8.698249769410246,0.8009232384,50.387956275200025,69.61204372479997,0.5801003643733331,3.1964995388204946,0.7782497694102473,0.2599474930823074,1.8494749308230742,0.5694749308230741,1.75,0.35,-0.000525069176925828,1.5486873270576855,-1.042615767491031,1.704589735144484,-1.18,1.2354102648555159,-1.1,7.8826890493952,6.3435853991936,4.8826890493952,10.482497694102472,12.0,8.517961741427339,-6.999763718870383,1.0073716893060527,-1.0073716893060527,0.0,flattop_hold_and_trim
7.88,flattop,8.698497744108792,0.8006801408,50.403972308992024,69.59602769100798,0.5799668974250665,3.196995488217585,0.7784977441087925,0.2599549323232638,1.8495493232326379,0.5695493232326376,1.75,0.35,-0.00045067676736227036,1.5488733080815944,-1.0425851119144658,1.7063090578814262,-1.18,1.2336909421185738,-1.1,7.882304664584192,6.343072886112256,4.882304664584192,10.484977441087924,12.0,8.515416901083517,-6.999797195454687,1.0288632235178277,-1.0288632235178277,0.0,flattop_hold_and_trim
7.9,flattop,8.698746667664356,0.8004736000000001,50.41998384640002,69.58001615359998,0.5798334679466666,3.1974933353287143,0.778746667664357,0.2599624000299307,1.8496240002993072,0.569624000299307,1.75,0.35,-0.00037599970069291137,1.5490600007482678,-1.0425591397401415,1.7082442949541505,-1.18,1.2317557050458494,-1.1,7.8819203876864,6.3425605169152,4.8819203876864,10.48746667664357,12.0,8.512862323094538,-6.9998308001346885,1.053053686926882,-1.0530536869268827,0.0,flattop_hold_and_trim
7.92,flattop,8.698996382851487,0.8003039232,50.43599162163202,69.56400837836799,0.5797000698197332,3.197992765702976,0.7789963828514879,0.25996989148554467,1.8496989148554464,0.5696989148554463,1.75,0.35,-0.0003010851445536453,1.549247287138616,-1.0425378673726402,1.7103649265179657,-1.18,1.2296350734820343,-1.1,7.881536201080832,6.342048268107776,4.881536201080832,10.48996382851488,12.0,8.510299620986606,-6.999864511684951,1.0795615814745707,-1.0795615814745707,0.0,flattop_hold_and_trim
7.94,flattop,8.69924673194472,0.8001714176,50.45199637504002,69.54800362495999,0.5795666968746666,3.1984934638894416,0.7792467319447207,0.2599774019583416,1.8497740195834163,0.5697740195834161,1.75,0.35,-0.00022598041658379817,1.5494350489585405,-1.0425213082480453,1.7126375089463064,-1.18,1.2273624910536935,-1.1,7.88115208699904,6.34153611599872,4.88115208699904,10.492467319447206,12.0,8.507730413417304,-6.999898308812537,1.1079688618288306,-1.1079688618288315,0.0,flattop_hold_and_trim
7.96,flattop,8.699497556818201,0.8000763904000001,50.467998853120015,69.53200114687999,0.5794333428906666,3.1989951136364048,0.7794975568182023,0.2599849267045461,1.8498492670454607,0.5698492670454607,1.75,0.35,-0.00015073295453930802,1.5496231676136518,-1.042509472825455,1.7150262022567029,-1.18,1.224973797743297,-1.1,7.88076802752512,6.34102403670016,4.88076802752512,10.494975568182022,12.0,8.5051563231532,-6.9999321701704575,1.1378275282087864,-1.1378275282087855,0.0,flattop_hold_and_trim
7.98,flattop,8.699748699045566,0.8000191488,50.48399980851202,69.51600019148799,0.5793000015957332,3.1994973980911334,0.7797486990455667,0.259992460971367,1.8499246097136701,0.56992460971367,1.75,0.35,-7.539028633001116e-05,1.549811524284175,-1.0425023685803754,1.7174933353287138,-1.18,1.222506664671286,-1.1,7.880384004595712,6.340512006127616,4.880384004595712,10.497486990455666,12.0,8.502578976044873,-6.999966074371152,1.1686666916089246,-1.1686666916089246,0.0,flattop_hold_and_trim
8.0,flattop,8.7,0.8,50.500000000000014,69.49999999999999,0.5791666666666665,3.2,0.78,0.26,1.85,0.57,1.75,0.35,-7.347880794884119e-19,1.55,-1.0425,1.72,-1.18,1.22,-1.1,7.88,6.34,4.88,10.5,12.0,8.5,-7.0,1.1999999999999997,-1.1999999999999986,0.0,flattop_end_final_state
